sample_id,prompt,expected_answer,model_response,predicted_answer,is_correct,model_type,temperature,top_p,top_k,repetition_penalty
1, Q: A coin is heads up. rushawn flips the coin. yerania does not flip the coin. myricle does not flip the coin. jostin does not flip the coin.  Is the coin still heads up? ,no,"yes! The first time you do a move, your opponent's turn will have completed until its next",yes,False,gpt2,0.7,0.9,50,1.1
2, Q: A coin is heads up. korianna does not flip the coin. lacey flips the coin. dimitricus flips the coin. selars does not flip the coin.  Is the coin still heads up? ,yes,"The head of a chain (for example, an octagon) cannot be flipped unless it has been",no,False,gpt2,0.7,0.9,50,1.1
3, Q: A coin is heads up. prosperus flips the coin. jaileah does not flip the coin. mihalco does not flip the coin. kiaralee flips the coin.  Is the coin still heads up? ,yes,"Yes, but it's only a few coins and they're all headed down instead of upside-down",yes,True,gpt2,0.7,0.9,50,1.1
4, Q: A coin is heads up. bollen flips the coin. ashmin flips the coin. qureshi flips the coin. maquel flips the coin.  Is the coin still heads up? ,yes,"The head of a double-headed animal, which can be either an antelope or lion (or",unknown,False,gpt2,0.7,0.9,50,1.1
5, Q: A coin is heads up. itzamar flips the coin. clione flips the coin. alely does not flip the coin. sieghardt flips the coin.  Is the coin still heads up? ,no,"No, but that's a big reason why you should keep coins on your desk at all times!",no,True,gpt2,0.7,0.9,50,1.1
6, Q: A coin is heads up. motonobu does not flip the coin. nichlaus flips the coin. erissa flips the coin. marliegh does not flip the coin.  Is the coin still heads up? ,yes,"No, it was flipped back to its original state and returned as head one of 1 or 2 coins",no,False,gpt2,0.7,0.9,50,1.1
7, Q: A coin is heads up. jordani does not flip the coin. dishawn does not flip the coin. darriana does not flip the coin. jahlani does not flip the coin.  Is the coin still heads up? ,yes,"Yes, and that's why it says so in its text to be ready for use on a computer",yes,True,gpt2,0.7,0.9,50,1.1
8, Q: A coin is heads up. oliveriu does not flip the coin. vidin does not flip the coin. bowen does not flip the coin. clairemarie does not flip the coin.  Is the coin still heads up? ,yes,"Yes, it's a head-up switch that allows for both sides to have an advantage and vice",yes,True,gpt2,0.7,0.9,50,1.1
9, Q: A coin is heads up. arihaan does not flip the coin. kerk flips the coin. avenelle does not flip the coin. moustafa does not flip the coin.  Is the coin still heads up? ,no,"No, it's just that if you flipped two coins in succession and they're both on opposite sides",no,True,gpt2,0.7,0.9,50,1.1
10, Q: A coin is heads up. vladyslav does not flip the coin. sholeh does not flip the coin. arabella flips the coin. merrial does not flip the coin.  Is the coin still heads up? ,no,"yes, but it has been flipped so far that no changes in state are required to make a change",yes,False,gpt2,0.7,0.9,50,1.1
11, Q: A coin is heads up. mikelyn flips the coin. izzy-mae flips the coin. ashleyanne flips the coin. hjalmar does not flip the coin.  Is the coin still heads up? ,no,"No, it's no longer head down and so there are two possible answers for this question that I",no,True,gpt2,0.7,0.9,50,1.1
12, Q: A coin is heads up. onye flips the coin. youl flips the coin. kendera flips the coin. fabia does not flip the coin.  Is the coin still heads up? ,no,"YES, but its head down! and it will be back to being tails-up after a few",yes,False,gpt2,0.7,0.9,50,1.1
13, Q: A coin is heads up. loujean does not flip the coin. annielee flips the coin. khylar flips the coin. avanita does not flip the coin.  Is the coin still heads up? ,yes,"Yes, it has been flipped by a number of people over time and in fact was one-time",yes,True,gpt2,0.7,0.9,50,1.1
14, Q: A coin is heads up. milia flips the coin. elbridge flips the coin. detrell does not flip the coin. ceana does not flip the coin.  Is the coin still heads up? ,yes,"Yes, it has been sent to a sender who received them from an unknown source and which we do",yes,True,gpt2,0.7,0.9,50,1.1
15, Q: A coin is heads up. mayers flips the coin. floriţa flips the coin. lucil does not flip the coin. lenford does not flip the coin.  Is the coin still heads up? ,yes,"No, it has been flipped and placed into a new block of coins at random from your account's",no,False,gpt2,0.7,0.9,50,1.1
16, Q: A coin is heads up. levane flips the coin. makira does not flip the coin. hla does not flip the coin. ellia does not flip the coin.  Is the coin still heads up? ,no,"Yes, it was in its current position when I drew this card; but you can't just draw",yes,False,gpt2,0.7,0.9,50,1.1
17, Q: A coin is heads up. termain does not flip the coin. mayuka flips the coin. dymone does not flip the coin. ashiley flips the coin.  Is the coin still heads up? ,yes,"Yes, it has been flipped to face down! It's time for another round of spin-offs",yes,True,gpt2,0.7,0.9,50,1.1
18, Q: A coin is heads up. brittainy does not flip the coin. gracie-louise does not flip the coin. marletha flips the coin. esveidy does not flip the coin.  Is the coin still heads up? ,no,"Yes, it was in its original position after 1/4 of a second elapsed time between flipping and",yes,False,gpt2,0.7,0.9,50,1.1
19, Q: A coin is heads up. keyhla flips the coin. urijah does not flip the coin. conception flips the coin. puspa flips the coin.  Is the coin still heads up? ,no,"Yes, and it was at this point that we realized what a problem things were in terms of getting",yes,False,gpt2,0.7,0.9,50,1.1
20, Q: A coin is heads up. donley does not flip the coin. mohammed-faizan does not flip the coin. maddisen does not flip the coin. reckner does not flip the coin.  Is the coin still heads up? ,yes,"The Coin has been flipped by a head of this order, and if any one side (except for",unknown,False,gpt2,0.7,0.9,50,1.1
21, Q: A coin is heads up. linkyn flips the coin. gennelle does not flip the coin. omiros flips the coin. ruah flips the coin.  Is the coin still heads up? ,no,"No, it's actually a single-digit number and you can't tell if its head has been",no,True,gpt2,0.7,0.9,50,1.1
22, Q: A coin is heads up. hadmuthe flips the coin. samaher does not flip the coin. marjolijn flips the coin. albiery flips the coin.  Is the coin still heads up? ,no,"Yes, it's head down now!",yes,False,gpt2,0.7,0.9,50,1.1
23, Q: A coin is heads up. asbjørg does not flip the coin. vilena flips the coin. ax does not flip the coin. aeiress flips the coin.  Is the coin still heads up? ,yes,"No, no coins are headed down because of this mistake and that's why we keep trying to make",no,False,gpt2,0.7,0.9,50,1.1
24, Q: A coin is heads up. fadile flips the coin. edgington does not flip the coin. tawana-nyasha flips the coin. danella flips the coin.  Is the coin still heads up? ,no,"Yes, that's correct! The counter has been flipped by an attacker who can see it and/",yes,False,gpt2,0.7,0.9,50,1.1
25, Q: A coin is heads up. shalei does not flip the coin. yitzchok does not flip the coin. adriauna flips the coin. callasandra flips the coin.  Is the coin still heads up? ,yes,"It's a very interesting question, and one that we've seen before on Reddit... but it really",unknown,False,gpt2,0.7,0.9,50,1.1
26, Q: A coin is heads up. rukshan does not flip the coin. hanneke does not flip the coin. sundga flips the coin. relly flips the coin.  Is the coin still heads up? ,yes,"No, it's no longer headed down and must be flipped before reaching head-up position (or",no,False,gpt2,0.7,0.9,50,1.1
27, Q: A coin is heads up. ivry does not flip the coin. makyah flips the coin. caorran does not flip the coin. lainez does not flip the coin.  Is the coin still heads up? ,no,"No, you have to do a quick calculation using your hands and feet for that (a) You",no,True,gpt2,0.7,0.9,50,1.1
28, Q: A coin is heads up. allisa flips the coin. audley flips the coin. gregroy does not flip the coin. dhvip does not flip the coin.  Is the coin still heads up? ,yes,"The coins are headed down as of right now, but it looks like they may be heading back to",no,False,gpt2,0.7,0.9,50,1.1
29, Q: A coin is heads up. taylor-rae does not flip the coin. audell does not flip the coin. nisaiah flips the coin. arist does not flip the coin.  Is the coin still heads up? ,no,"If a person has more than one head, then that means he's either at or below 0%",unknown,False,gpt2,0.7,0.9,50,1.1
30, Q: A coin is heads up. monya does not flip the coin. sraddha does not flip the coin. loganjames flips the coin. elessio flips the coin.  Is the coin still heads up? ,yes,"No, it has been in circulation for more than 5 years now and since 2011-2012 there have",no,False,gpt2,0.7,0.9,50,1.1
31, Q: A coin is heads up. jopie flips the coin. nidah flips the coin. antyon flips the coin. bona flips the coin.  Is the coin still heads up? ,yes,"It's in a bit of trouble, but I'm not sure what to do about it now that",no,False,gpt2,0.7,0.9,50,1.1
32, Q: A coin is heads up. chelita does not flip the coin. wooley does not flip the coin. sonoko flips the coin. ura does not flip the coin.  Is the coin still heads up? ,no,"Yes, it's a new one created from scratch and will be released on May 23rd at 12",yes,False,gpt2,0.7,0.9,50,1.1
33, Q: A coin is heads up. lisel flips the coin. leyah flips the coin. vito flips the coin. rivera-cruz does not flip the coin.  Is the coin still heads up? ,no,"Yes, it's now a head down with no coins left on its side - we don't know",yes,False,gpt2,0.7,0.9,50,1.1
34, Q: A coin is heads up. tamaryn flips the coin. sharal does not flip the coin. kamyrah does not flip the coin. vessie flips the coin.  Is the coin still heads up? ,yes,"Yes, in that case it will be considered head down as well and so on (in a sense",yes,True,gpt2,0.7,0.9,50,1.1
35, Q: A coin is heads up. breyanna flips the coin. garrey does not flip the coin. souraya does not flip the coin. kahira flips the coin.  Is the coin still heads up? ,yes,"No, it was sent to me by a friend of mine who used an old fashioned way that I",no,False,gpt2,0.7,0.9,50,1.1
36, Q: A coin is heads up. mackeyla does not flip the coin. rawson does not flip the coin. adriennie flips the coin. aroya does not flip the coin.  Is the coin still heads up? ,no,"The coins are considered to be head-up when you put them in your wallet, and that's",unknown,False,gpt2,0.7,0.9,50,1.1
37, Q: A coin is heads up. yonda flips the coin. jamie-joseph does not flip the coin. hett does not flip the coin. nitzy flips the coin.  Is the coin still heads up? ,yes,"Yes, and it's a toss if you're lucky enough to see one of these things on TV",yes,True,gpt2,0.7,0.9,50,1.1
38, Q: A coin is heads up. gokce flips the coin. maxmillian does not flip the coin. miente flips the coin. lacrisha does not flip the coin.  Is the coin still heads up? ,yes,"The coins are in a new state and we can't do any analysis on them, so there's",unknown,False,gpt2,0.7,0.9,50,1.1
39, Q: A coin is heads up. clementie does not flip the coin. nicholaas does not flip the coin. battan flips the coin. fearon does not flip the coin.  Is the coin still heads up? ,no,"No, it's gone and I'm sure of that! It just was too big to hold or",no,True,gpt2,0.7,0.9,50,1.1
40, Q: A coin is heads up. oshan flips the coin. quentin flips the coin. hayaat flips the coin. polewarzyk flips the coin.  Is the coin still heads up? ,yes,"Yes, there's no head on it right now. It looks like a bunch of coins are heading",yes,True,gpt2,0.7,0.9,50,1.1
41, Q: A coin is heads up. dorraine does not flip the coin. kirean does not flip the coin. burrs does not flip the coin. dubhgan flips the coin.  Is the coin still heads up? ,no,"The head of the ball must be at least 2x in size to have been flipped, but if",unknown,False,gpt2,0.7,0.9,50,1.1
42, Q: A coin is heads up. kacelynn flips the coin. canye flips the coin. mellany flips the coin. chukwudubem flips the coin.  Is the coin still heads up? ,yes,"It's not, but it was a few years ago when I started looking at coins and seeing if",no,False,gpt2,0.7,0.9,50,1.1
43, Q: A coin is heads up. vrishin does not flip the coin. talat flips the coin. rueben-carter flips the coin. finley-jack does not flip the coin.  Is the coin still heads up? ,yes,"The current state of a blockchain (the ""blockchain"") can be explained by some number such as",unknown,False,gpt2,0.7,0.9,50,1.1
44, Q: A coin is heads up. armyn flips the coin. pravya flips the coin. feinleib does not flip the coin. gerene does not flip the coin.  Is the coin still heads up? ,yes,"The coins are all in one place, so if you don't have a lot of them on hand",unknown,False,gpt2,0.7,0.9,50,1.1
45, Q: A coin is heads up. nelie flips the coin. louvena does not flip the coin. rajbiri does not flip the coin. mika flips the coin.  Is the coin still heads up? ,yes,"No, it's no longer head down. It was headed for its original position when julian",no,False,gpt2,0.7,0.9,50,1.1
46, Q: A coin is heads up. jeramy flips the coin. teirney does not flip the coin. covadonga flips the coin. livvie does not flip the coin.  Is the coin still heads up? ,yes,"No, it's just a bit more of an error than you think because if they see that there",no,False,gpt2,0.7,0.9,50,1.1
47, Q: A coin is heads up. analicia does not flip the coin. aviraj flips the coin. pappano does not flip the coin. richarda does not flip the coin.  Is the coin still heads up? ,no,"Yes, it's head-up if you look at its face as a picture of what has been",yes,False,gpt2,0.7,0.9,50,1.1
48, Q: A coin is heads up. havannah does not flip the coin. willease does not flip the coin. naoh flips the coin. talonda does not flip the coin.  Is the coin still heads up? ,no,"The answer to that question depends on whether it's a ""Havana"" or an ""Is",unknown,False,gpt2,0.7,0.9,50,1.1
49, Q: A coin is heads up. souhail does not flip the coin. maylena does not flip the coin. arbelaez flips the coin. saroya does not flip the coin.  Is the coin still heads up? ,no,"Yes it remains in its current state of head down, as if at rest or on a moving object",yes,False,gpt2,0.7,0.9,50,1.1
50, Q: A coin is heads up. dearra does not flip the coin. reney flips the coin. dustee does not flip the coin. aniaya does not flip the coin.  Is the coin still heads up? ,no,"No, it has been flipped face down and that's all! So when I read about this in",no,True,gpt2,0.7,0.9,50,1.1
51, Q: A coin is heads up. nanthakumar does not flip the coin. natylee does not flip the coin. zinaīda does not flip the coin. aveana flips the coin.  Is the coin still heads up? ,no,"The coins are heading down, but we don't know if it's going to be headed forward or",no,True,gpt2,0.7,0.9,50,1.1
52, Q: A coin is heads up. bootle flips the coin. lenhart does not flip the coin. paresh does not flip the coin. rodolph does not flip the coin.  Is the coin still heads up? ,no,"No, it's just a normal game of ""you're in luck"". You have to go back",no,True,gpt2,0.7,0.9,50,1.1
53, Q: A coin is heads up. isabella flips the coin. audris flips the coin. naohisa flips the coin. ayira does not flip the coin.  Is the coin still heads up? ,no,"No, it isn't headed on top of a fork in the road at this point. The coins",no,True,gpt2,0.7,0.9,50,1.1
54, Q: A coin is heads up. charlie-dunbar flips the coin. siante does not flip the coin. durvesh flips the coin. kiyah does not flip the coin.  Is the coin still heads up? ,yes,"The answer to this question depends on whether or never you're flipping a coinsize, but it's",unknown,False,gpt2,0.7,0.9,50,1.1
55, Q: A coin is heads up. oscarina does not flip the coin. györgyi does not flip the coin. braileigh does not flip the coin. dorrielan does not flip the coin.  Is the coin still heads up? ,yes,"Yes, it has been flipped by Gyara! She flips a lot of coins and uses them to",yes,True,gpt2,0.7,0.9,50,1.1
56, Q: A coin is heads up. adalay does not flip the coin. yabriel does not flip the coin. witcher does not flip the coin. anthony-jack flips the coin.  Is the coin still heads up? ,no,"Yes, if it remains in play for too long (for example an 8x8 or 16x",yes,False,gpt2,0.7,0.9,50,1.1
57, Q: A coin is heads up. yiğitcan flips the coin. treymon does not flip the coin. kindig flips the coin. letcho flips the coin.  Is the coin still heads up? ,no,"I think so, but there's no way of knowing with certainty what type of coins are headed in",no,True,gpt2,0.7,0.9,50,1.1
58, Q: A coin is heads up. rachaba flips the coin. mateen flips the coin. fai flips the coin. ivonne does not flip the coin.  Is the coin still heads up? ,no,"Yes, it's headed down (at least that we can see from its face). It was flipped",yes,False,gpt2,0.7,0.9,50,1.1
59, Q: A coin is heads up. onik flips the coin. leonhart flips the coin. symela does not flip the coin. trieste does not flip the coin.  Is the coin still heads up? ,yes,"Yes, it's now or never as there are no coins in existence and we've seen this before",yes,True,gpt2,0.7,0.9,50,1.1
60, Q: A coin is heads up. merienne flips the coin. laylaa does not flip the coin. huldine does not flip the coin. paytynn does not flip the coin.  Is the coin still heads up? ,no,"No, it's a single head of two coins in an inverted position (i like to think that",no,True,gpt2,0.7,0.9,50,1.1
61, Q: A coin is heads up. chari does not flip the coin. marja does not flip the coin. vlatko does not flip the coin. daivyon flips the coin.  Is the coin still heads up? ,no,"Yes, this can be seen from a few examples of coins that are on display at various sites around",yes,False,gpt2,0.7,0.9,50,1.1
62, Q: A coin is heads up. wako does not flip the coin. mercedese flips the coin. davonne flips the coin. geula flips the coin.  Is the coin still heads up? ,no,"It's head down and tails right now, so we don't know if it was a perfect match",no,True,gpt2,0.7,0.9,50,1.1
63, Q: A coin is heads up. nandni does not flip the coin. ishwar does not flip the coin. corabel does not flip the coin. lasse flips the coin.  Is the coin still heads up? ,no,"No, you can't change it head-up to face down and see if your hand remains open",no,True,gpt2,0.7,0.9,50,1.1
64, Q: A coin is heads up. gavina flips the coin. gloretta flips the coin. perline does not flip the coin. britani does not flip the coin.  Is the coin still heads up? ,yes,The coins are now head down (for this analysis). It's possible that there were some errors in,no,False,gpt2,0.7,0.9,50,1.1
65, Q: A coin is heads up. merrilee flips the coin. hada flips the coin. wiegbert does not flip the coin. caydee does not flip the coin.  Is the coin still heads up? ,yes,"Yes, but that's it! We're just going to put a stop to this madness and we",yes,True,gpt2,0.7,0.9,50,1.1
66, Q: A coin is heads up. ronaldus does not flip the coin. angelann flips the coin. leokadija flips the coin. kazufumi does not flip the coin.  Is the coin still heads up? ,yes,"Yes, it's an error and we will fix that in a future update! [ edit ]",yes,True,gpt2,0.7,0.9,50,1.1
67, Q: A coin is heads up. plumlee flips the coin. dekwan does not flip the coin. mcloughlin flips the coin. eyhab does not flip the coin.  Is the coin still heads up? ,yes,"No, there was a change of head on in this game (see above). The two tails are",no,False,gpt2,0.7,0.9,50,1.1
68, Q: A coin is heads up. aavyan does not flip the coin. duperroy does not flip the coin. ajuni flips the coin. lezer does not flip the coin.  Is the coin still heads up? ,no,"Yes, this part of bitcoin has changed completely over time and as such we have become more interested in",yes,False,gpt2,0.7,0.9,50,1.1
69, Q: A coin is heads up. palaksh does not flip the coin. henry-thomas flips the coin. dennisha flips the coin. icke does not flip the coin.  Is the coin still heads up? ,yes,"No, it's no longer headed down at all! It doesn't move and moves on its own",no,False,gpt2,0.7,0.9,50,1.1
70, Q: A coin is heads up. harren flips the coin. jolda does not flip the coin. kalyssa flips the coin. zacorian does not flip the coin.  Is the coin still heads up? ,yes,"The coins are now tails of one another in this system, so no need to worry about any other",no,False,gpt2,0.7,0.9,50,1.1
71, Q: A coin is heads up. aeson does not flip the coin. safira flips the coin. jimiah does not flip the coin. mcleish flips the coin.  Is the coin still heads up? ,yes,"No, no matter how many times it's flipped or whether its turned upside down to face forwards on",no,False,gpt2,0.7,0.9,50,1.1
72, Q: A coin is heads up. narla flips the coin. vaasta does not flip the coin. lizzbeth does not flip the coin. stiljan does not flip the coin.  Is the coin still heads up? ,no,"Yes, it has a head position which can be seen by looking at its front and back edges of",yes,False,gpt2,0.7,0.9,50,1.1
73, Q: A coin is heads up. wilfredo flips the coin. mivaan flips the coin. marigail flips the coin. dörthe does not flip the coin.  Is the coin still heads up? ,no,"No, it's just that no matter what happens on a given day we're all going to be",no,True,gpt2,0.7,0.9,50,1.1
74, Q: A coin is heads up. niakia flips the coin. hayleigh flips the coin. zayion does not flip the coin. filuta flips the coin.  Is the coin still heads up? ,no,"No, it's just that a few turns later there are fewer coins in play (i.e",no,True,gpt2,0.7,0.9,50,1.1
75, Q: A coin is heads up. malnar does not flip the coin. michelson does not flip the coin. rohrbach flips the coin. romildo flips the coin.  Is the coin still heads up? ,yes,"Yes, it remains head down on its face until a certain point in time (as we can see",yes,True,gpt2,0.7,0.9,50,1.1
76, Q: A coin is heads up. dorkas does not flip the coin. korii does not flip the coin. ilyaas flips the coin. tina-marie does not flip the coin.  Is the coin still heads up? ,no,"No, it's just that a lot of times when we don't have enough information about what will",no,True,gpt2,0.7,0.9,50,1.1
77, Q: A coin is heads up. amilie does not flip the coin. jai-jai flips the coin. haukom flips the coin. uways flips the coin.  Is the coin still heads up? ,no,"No, it's just that a certain number of coins will be flipped and all bets are off (",no,True,gpt2,0.7,0.9,50,1.1
78, Q: A coin is heads up. ramos-morales flips the coin. tanille does not flip the coin. aridna does not flip the coin. cabriano flips the coin.  Is the coin still heads up? ,yes,"The head of a card, such as that you see in this example (and many others), would",unknown,False,gpt2,0.7,0.9,50,1.1
79, Q: A coin is heads up. rolan does not flip the coin. bennette does not flip the coin. sufyaan does not flip the coin. mercutio does not flip the coin.  Is the coin still heads up? ,yes,"Yes, but it has a slightly lower value than what you might expect from an in-game currency",yes,True,gpt2,0.7,0.9,50,1.1
80, Q: A coin is heads up. kirthika flips the coin. durvasa flips the coin. tayli does not flip the coin. lyiam does not flip the coin.  Is the coin still heads up? ,yes,"No, it's just that there are no coins in this game! If you have a good set",no,False,gpt2,0.7,0.9,50,1.1
81, Q: A coin is heads up. ilana flips the coin. krassimira does not flip the coin. birtha does not flip the coin. lonny does not flip the coin.  Is the coin still heads up? ,no,It's been confirmed that no coins are actually held in a head position or at all (though they,no,True,gpt2,0.7,0.9,50,1.1
82, Q: A coin is heads up. simranjit flips the coin. noda does not flip the coin. izet flips the coin. nerea does not flip the coin.  Is the coin still heads up? ,yes,"No, it's a non-trivial problem because there are two sides to every story you",no,False,gpt2,0.7,0.9,50,1.1
83, Q: A coin is heads up. melaya does not flip the coin. vasya does not flip the coin. rögnvaldur flips the coin. dameliya flips the coin.  Is the coin still heads up? ,yes,"It doesn't matter what happens to it, as long you keep putting them in a counter or something",unknown,False,gpt2,0.7,0.9,50,1.1
84, Q: A coin is heads up. otway flips the coin. aarae does not flip the coin. mient does not flip the coin. kevser flips the coin.  Is the coin still heads up? ,yes,"There are two possible answers to this question, and both of them have some interesting implications for how we",unknown,False,gpt2,0.7,0.9,50,1.1
85, Q: A coin is heads up. palermo does not flip the coin. picabo flips the coin. chauntel does not flip the coin. remys flips the coin.  Is the coin still heads up? ,yes,"Yes, it remains head down in this case as long that a counter doesn't have to be flipped",yes,True,gpt2,0.7,0.9,50,1.1
86, Q: A coin is heads up. marionna flips the coin. scelfo flips the coin. dewi does not flip the coin. tyshawn does not flip the coin.  Is the coin still heads up? ,yes,"The coins are on their way to an end-game, and they have no chance of being flipped",no,False,gpt2,0.7,0.9,50,1.1
87, Q: A coin is heads up. raelani does not flip the coin. sinem does not flip the coin. hollie-anne does not flip the coin. androulla flips the coin.  Is the coin still heads up? ,no,"Yes, it has been flipped by Raalin for 1 turn now (and only once). This",yes,False,gpt2,0.7,0.9,50,1.1
88, Q: A coin is heads up. kahlill does not flip the coin. deliah does not flip the coin. kellis flips the coin. evaa flips the coin.  Is the coin still heads up? ,yes,"The coins are now flipped upside down on their faces, and they're no longer head-up when",no,False,gpt2,0.7,0.9,50,1.1
89, Q: A coin is heads up. arnljot flips the coin. merlee does not flip the coin. ridha does not flip the coin. eskild flips the coin.  Is the coin still heads up? ,yes,"Yes, it's a head down! If you keep holding your hand in front of yours while doing",yes,True,gpt2,0.7,0.9,50,1.1
90, Q: A coin is heads up. jayjay flips the coin. tanilah does not flip the coin. marie-anne flips the coin. hunain does not flip the coin.  Is the coin still heads up? ,yes,"No, it's no longer a head or tails down position and now instead has two different colors on",no,False,gpt2,0.7,0.9,50,1.1
91, Q: A coin is heads up. calabrese flips the coin. giray flips the coin. dorien flips the coin. lislie flips the coin.  Is the coin still heads up? ,yes,"It's not quite, but it seems to be on its way down right now and there may have",no,False,gpt2,0.7,0.9,50,1.1
92, Q: A coin is heads up. kerryanne does not flip the coin. arelene does not flip the coin. lacourse does not flip the coin. cheilon does not flip the coin.  Is the coin still heads up? ,yes,"YES, yes it has been flipped to head down by a member of its own team! It would",yes,True,gpt2,0.7,0.9,50,1.1
93, Q: A coin is heads up. sterica flips the coin. tianna-leigh does not flip the coin. ivanah does not flip the coin. kimby does not flip the coin.  Is the coin still heads up? ,no,"The head of a nonce (i, e) has no effect on it's own state unless",no,True,gpt2,0.7,0.9,50,1.1
94, Q: A coin is heads up. reetu flips the coin. dzemilja does not flip the coin. balendin flips the coin. markquise does not flip the coin.  Is the coin still heads up? ,yes,"Yes, it has been flipped and sent to DZEMILJA'S BEGINNING!",yes,True,gpt2,0.7,0.9,50,1.1
95, Q: A coin is heads up. adiela flips the coin. coltyn does not flip the coin. kovie does not flip the coin. gabel does not flip the coin.  Is the coin still heads up? ,no,"Yes it's no longer tails, but head down and face to facing side (which doesn't work",yes,False,gpt2,0.7,0.9,50,1.1
96, Q: A coin is heads up. fresquet flips the coin. cezalinda flips the coin. melanye flips the coin. peonir does not flip the coin.  Is the coin still heads up? ,no,"It's just a simple move, no matter how many times you get it wrong! In fact,",no,True,gpt2,0.7,0.9,50,1.1
97, Q: A coin is heads up. anterio flips the coin. karène flips the coin. malacay does not flip the coin. talik flips the coin.  Is the coin still heads up? ,no,"No, it's a change of position (i.e., head down). You can see in",no,True,gpt2,0.7,0.9,50,1.1
98, Q: A coin is heads up. radetski does not flip the coin. lacie-mae flips the coin. newroz does not flip the coin. bogić flips the coin.  Is the coin still heads up? ,yes,"Yes, it will be head down after a few seconds if you check for one on your computer (",yes,True,gpt2,0.7,0.9,50,1.1
99, Q: A coin is heads up. oluwapamilerinayo does not flip the coin. shurhonda does not flip the coin. tallyn flips the coin. cezary does not flip the coin.  Is the coin still heads up? ,no,"No, it doesn't matter as long (at least I think so). If you're saying """,no,True,gpt2,0.7,0.9,50,1.1
100, Q: A coin is heads up. zimo flips the coin. soble flips the coin. fatema does not flip the coin. ashauria flips the coin.  Is the coin still heads up? ,no,"Yes, it was flipped on top of a ring that I had been looking at before this happened and",yes,False,gpt2,0.7,0.9,50,1.1
101, Q: A coin is heads up. jema does not flip the coin. volena does not flip the coin. akifumi does not flip the coin. amberlie flips the coin.  Is the coin still heads up? ,no,"Yes, it has been flipped since its initial start with a few changes in timing and balance between this",yes,False,gpt2,0.7,0.9,50,1.1
102, Q: A coin is heads up. huberto does not flip the coin. kvaughn flips the coin. ercan flips the coin. jaquin flips the coin.  Is the coin still heads up? ,no,"It's head down, in fact it has been flipped to its right side from left and vice versa",unknown,False,gpt2,0.7,0.9,50,1.1
103, Q: A coin is heads up. tereas flips the coin. arniesha flips the coin. dimitrija does not flip the coin. holdridge does not flip the coin.  Is the coin still heads up? ,yes,"No, but in a different direction and there are more coins to buy (i.e., """,no,False,gpt2,0.7,0.9,50,1.1
104, Q: A coin is heads up. sukhtaj flips the coin. heymi does not flip the coin. joei flips the coin. bernadeta flips the coin.  Is the coin still heads up? ,no,"No, it's tails down and you can't see what happened with a headup on that coins",no,True,gpt2,0.7,0.9,50,1.1
105, Q: A coin is heads up. kariona does not flip the coin. norbie flips the coin. tequilla flips the coin. jandiel flips the coin.  Is the coin still heads up? ,no,"No, it's simply tails right now and I don't think that any of this has been seen",no,True,gpt2,0.7,0.9,50,1.1
106, Q: A coin is heads up. sook flips the coin. laytonsr does not flip the coin. audria does not flip the coin. aleatra does not flip the coin.  Is the coin still heads up? ,no,"Yes, its head down as it turns around and moves into another position to take over for you in",yes,False,gpt2,0.7,0.9,50,1.1
107, Q: A coin is heads up. mitali does not flip the coin. nahja does not flip the coin. darcey-lee flips the coin. bourgeois flips the coin.  Is the coin still heads up? ,yes,"No, it's a head down (laughs). If you've got any kind of money on your",no,False,gpt2,0.7,0.9,50,1.1
108, Q: A coin is heads up. teuton does not flip the coin. savvy flips the coin. alisina does not flip the coin. janalis does not flip the coin.  Is the coin still heads up? ,no,"No, you don't have to worry about it being head down because of your counter-balance change",no,True,gpt2,0.7,0.9,50,1.1
109, Q: A coin is heads up. habeeba does not flip the coin. orminda does not flip the coin. nermina flips the coin. alamanno does not flip the coin.  Is the coin still heads up? ,no,"The coins are all at an equal height in each direction, and no one can see them from their",no,True,gpt2,0.7,0.9,50,1.1
110, Q: A coin is heads up. ljuba flips the coin. tykeia flips the coin. methyl flips the coin. charle flips the coin.  Is the coin still heads up? ,yes,"Yes, it will be heading down again at some point during this day (Monday) or Tuesday morning",yes,True,gpt2,0.7,0.9,50,1.1
111, Q: A coin is heads up. shma flips the coin. maïwen does not flip the coin. camerota flips the coin. kaweh flips the coin.  Is the coin still heads up? ,no,"Yes, it's head down in front of us and so we're just waiting for a response from",yes,False,gpt2,0.7,0.9,50,1.1
112, Q: A coin is heads up. neale does not flip the coin. naadrah does not flip the coin. chuka flips the coin. erdene flips the coin.  Is the coin still heads up? ,yes,"No, but they do have to wait for more information before making a decision on whether or what should",no,False,gpt2,0.7,0.9,50,1.1
113, Q: A coin is heads up. akaila flips the coin. teriyana does not flip the coin. peyton-rose flips the coin. vite flips the coin.  Is the coin still heads up? ,no,"It will be on its way to it's destination at least once, after which point any coins found",unknown,False,gpt2,0.7,0.9,50,1.1
114, Q: A coin is heads up. aristeu does not flip the coin. chee does not flip the coin. rode flips the coin. lashone does not flip the coin.  Is the coin still heads up? ,no,Absolutely! The only way to get it back in your hand after a battle would be by doing an,unknown,False,gpt2,0.7,0.9,50,1.1
115, Q: A coin is heads up. seretta flips the coin. gursewak flips the coin. buzbee flips the coin. ellingston flips the coin.  Is the coin still heads up? ,yes,"No, it's not even on its head as far back as i remember from when we went to",no,False,gpt2,0.7,0.9,50,1.1
116, Q: A coin is heads up. uberto does not flip the coin. whited flips the coin. newlin does not flip the coin. calida does not flip the coin.  Is the coin still heads up? ,no,"Yes, it's completely gone now that we're talking about head down (Harmonius).",yes,False,gpt2,0.7,0.9,50,1.1
117, Q: A coin is heads up. farhod flips the coin. rayne flips the coin. virgiliu flips the coin. landi flips the coin.  Is the coin still heads up? ,yes,"I have no idea if this has happened or not, but it certainly seems to happen every time we",no,False,gpt2,0.7,0.9,50,1.1
118, Q: A coin is heads up. vickers flips the coin. encarna does not flip the coin. devan flips the coin. steingerður flips the coin.  Is the coin still heads up? ,no,"No, it's only a bit higher than 0 and so on (or even greater). The reason",no,True,gpt2,0.7,0.9,50,1.1
119, Q: A coin is heads up. rubyann does not flip the coin. kaylar does not flip the coin. briggsiii does not flip the coin. deshown does not flip the coin.  Is the coin still heads up? ,yes,"Yes, it has now been flipped in reverse and one of its tails remains intact for a time to",yes,True,gpt2,0.7,0.9,50,1.1
120, Q: A coin is heads up. milbrodt does not flip the coin. hernandez-ocampo flips the coin. mladenko does not flip the coin. lobell does not flip the coin.  Is the coin still heads up? ,no,"The coins are now being flipped for each other in a different direction, but I believe that they do",no,True,gpt2,0.7,0.9,50,1.1
121, Q: A coin is heads up. jakeith does not flip the coin. kennesha flips the coin. pettigrew does not flip the coin. lundin does not flip the coin.  Is the coin still heads up? ,no,"No, it doesn't go all out but if you are in a position where your head has to",no,True,gpt2,0.7,0.9,50,1.1
122, Q: A coin is heads up. debets does not flip the coin. arsaluis does not flip the coin. marileysis does not flip the coin. davyd flips the coin.  Is the coin still heads up? ,no,"Yes, it was for a while before there were any coins that did this way and then they became",yes,False,gpt2,0.7,0.9,50,1.1
123, Q: A coin is heads up. aelred flips the coin. bloxsom does not flip the coin. danka does not flip the coin. zearl flips the coin.  Is the coin still heads up? ,yes,"Yes, it has been for at least two minutes now and no one can see that there are more",yes,True,gpt2,0.7,0.9,50,1.1
124, Q: A coin is heads up. aley flips the coin. yomira flips the coin. burrel does not flip the coin. rocray flips the coin.  Is the coin still heads up? ,no,"No, but if you're talking about tails being flipped by other coins it's just an issue of",no,True,gpt2,0.7,0.9,50,1.1
125, Q: A coin is heads up. viccky does not flip the coin. ithan flips the coin. malvina flips the coin. frena flips the coin.  Is the coin still heads up? ,no,"Yes, so long as a player has an open hand and can quickly execute moves in that direction without",yes,False,gpt2,0.7,0.9,50,1.1
126, Q: A coin is heads up. belen does not flip the coin. jossalynn does not flip the coin. eftichia does not flip the coin. cândido does not flip the coin.  Is the coin still heads up? ,yes,"Yes, but this doesn't mean that it must be turned in one direction or another; and if",yes,True,gpt2,0.7,0.9,50,1.1
127, Q: A coin is heads up. quarterman does not flip the coin. shaqueel does not flip the coin. cadie flips the coin. aarron flips the coin.  Is the coin still heads up? ,yes,"Yes, it has been for some time now and I think that this issue will be resolved in due",yes,True,gpt2,0.7,0.9,50,1.1
128, Q: A coin is heads up. delgado-sanchez does not flip the coin. ishrana does not flip the coin. vandalia flips the coin. tulin flips the coin.  Is the coin still heads up? ,yes,"Yes, it has been flipped by a fork of two or more coins at one time since its creation",yes,True,gpt2,0.7,0.9,50,1.1
129, Q: A coin is heads up. pulvermuller flips the coin. krisalynn flips the coin. sirrý flips the coin. hommer flips the coin.  Is the coin still heads up? ,yes,"The coins are no longer head-up when they're flipped, but if one of them has an",no,False,gpt2,0.7,0.9,50,1.1
130, Q: A coin is heads up. burdell does not flip the coin. neidlinger does not flip the coin. harshdeep flips the coin. tahni flips the coin.  Is the coin still heads up? ,yes,"Yes, it has been on this list for quite some time now and we do have a few of",yes,True,gpt2,0.7,0.9,50,1.1
131, Q: A coin is heads up. kennise does not flip the coin. eeshal flips the coin. hildemarie does not flip the coin. gunilla flips the coin.  Is the coin still heads up? ,yes,"Yes, but it was flipped once before in a game where we were playing as an opponent on our",yes,True,gpt2,0.7,0.9,50,1.1
132, Q: A coin is heads up. arbie flips the coin. taylor-jake flips the coin. airel does not flip the coin. beyer-radford flips the coin.  Is the coin still heads up? ,no,"Yes, it's head down but no longer in play until after you complete all of your ""f",yes,False,gpt2,0.7,0.9,50,1.1
133, Q: A coin is heads up. jerion does not flip the coin. sallyanne does not flip the coin. herber flips the coin. raybert does not flip the coin.  Is the coin still heads up? ,no,"The coins are all in a line, and they will be flipped as soon as possible by some combination",unknown,False,gpt2,0.7,0.9,50,1.1
134, Q: A coin is heads up. winters flips the coin. caskie flips the coin. yerika does not flip the coin. aytunç flips the coin.  Is the coin still heads up? ,no,"Yes, it has been flipped in its entirety at least three times by any of these individuals or organizations",yes,False,gpt2,0.7,0.9,50,1.1
135, Q: A coin is heads up. naami flips the coin. buil does not flip the coin. jivonnee flips the coin. orgera does not flip the coin.  Is the coin still heads up? ,yes,"Yes, and it's heading straight to a right at this point in time if you've never seen",yes,True,gpt2,0.7,0.9,50,1.1
136, Q: A coin is heads up. vendula flips the coin. sindy flips the coin. wanya flips the coin. marzario does not flip the coin.  Is the coin still heads up? ,no,"It may be, but it's in a different place that makes no difference to its performance because you",no,True,gpt2,0.7,0.9,50,1.1
137, Q: A coin is heads up. aaliyah-mae does not flip the coin. kaelia does not flip the coin. dinnall flips the coin. renfrow does not flip the coin.  Is the coin still heads up? ,no,"yes, it has been sent to us by our customer and will continue until we receive confirmation of its",yes,False,gpt2,0.7,0.9,50,1.1
138, Q: A coin is heads up. yolandi flips the coin. reut flips the coin. blagg flips the coin. alouise does not flip the coin.  Is the coin still heads up? ,no,"Yes, this may have been a non-playable game or something like that but I think it",yes,False,gpt2,0.7,0.9,50,1.1
139, Q: A coin is heads up. domanico does not flip the coin. aaliyah-mae flips the coin. xzaveon does not flip the coin. kaytor flips the coin.  Is the coin still heads up? ,yes,"No, it has been flipped (1) . The coins are now being processed by another process in",no,False,gpt2,0.7,0.9,50,1.1
140, Q: A coin is heads up. youngman does not flip the coin. amose does not flip the coin. mekeel does not flip the coin. dakim flips the coin.  Is the coin still heads up? ,no,"Yes, it remains so until you give a question to someone else in your life who may have had",yes,False,gpt2,0.7,0.9,50,1.1
141, Q: A coin is heads up. dyako flips the coin. lacey-jade does not flip the coin. dymple does not flip the coin. maci-leigh does not flip the coin.  Is the coin still heads up? ,no,"Yes, and this has no effect on whether or when it goes out of play (a decision which",yes,False,gpt2,0.7,0.9,50,1.1
142, Q: A coin is heads up. arvester flips the coin. legate flips the coin. rahmon does not flip the coin. jamarii flips the coin.  Is the coin still heads up? ,no,"In my opinion, no head-up on this particular transaction because it was an unconfirmed action and",no,True,gpt2,0.7,0.9,50,1.1
143, Q: A coin is heads up. elifils flips the coin. gunnlaugur does not flip the coin. balachandran does not flip the coin. sheaira does not flip the coin.  Is the coin still heads up? ,no,"No, it doesn't have any head ups (except for a very small one that has ""head",no,True,gpt2,0.7,0.9,50,1.1
144, Q: A coin is heads up. gautious does not flip the coin. ulaş flips the coin. maybritt does not flip the coin. tasneem does not flip the coin.  Is the coin still heads up? ,no,"No, it's head down at this point and all of a sudden you can see that there are",no,True,gpt2,0.7,0.9,50,1.1
145, Q: A coin is heads up. alacyia does not flip the coin. adarien does not flip the coin. calmas flips the coin. eilise flips the coin.  Is the coin still heads up? ,yes,"The coins are only head down when they reach their destination point, and if there was any movement or",unknown,False,gpt2,0.7,0.9,50,1.1
146, Q: A coin is heads up. tanyetta flips the coin. jep flips the coin. marijayne does not flip the coin. garbrand flips the coin.  Is the coin still heads up? ,no,"Yes, it will remain that way until its time to make an attack on everyone else in town...",yes,False,gpt2,0.7,0.9,50,1.1
147, Q: A coin is heads up. kiara-rae flips the coin. metsky does not flip the coin. ximenna does not flip the coin. radame does not flip the coin.  Is the coin still heads up? ,no,"Yes, it was always headed down by an eye and would be sent back if there were any issues",yes,False,gpt2,0.7,0.9,50,1.1
148, Q: A coin is heads up. lozin flips the coin. zsolway flips the coin. shirishty does not flip the coin. jhace does not flip the coin.  Is the coin still heads up? ,yes,"The coins are now in their ""heads"" state, which means that they have been flipped by a",no,False,gpt2,0.7,0.9,50,1.1
149, Q: A coin is heads up. surguine flips the coin. anuel does not flip the coin. adryauna flips the coin. awbrey does not flip the coin.  Is the coin still heads up? ,yes,"Yes, it has a head-up state and therefore cannot be flipped by any other means than its",yes,True,gpt2,0.7,0.9,50,1.1
150, Q: A coin is heads up. yaralis does not flip the coin. ahjahnae does not flip the coin. agamvir flips the coin. abud-aleem flips the coin.  Is the coin still heads up? ,yes,"Yes, it has been flipped twice and there are three coins on each side of that face with a",yes,True,gpt2,0.7,0.9,50,1.1
151, Q: A coin is heads up. evalinde flips the coin. bethke flips the coin. coraleen does not flip the coin. chaurice does not flip the coin.  Is the coin still heads up? ,yes,"Yes, it has no head but will remain at a certain state when flipped over to another condition (",yes,True,gpt2,0.7,0.9,50,1.1
152, Q: A coin is heads up. kemalettin flips the coin. farookh flips the coin. alvester does not flip the coin. poseidon does not flip the coin.  Is the coin still heads up? ,yes,"yes, but it's turned sideways so that we can see its position in question and be sure there",yes,True,gpt2,0.7,0.9,50,1.1
153, Q: A coin is heads up. majano-mairena flips the coin. leonice does not flip the coin. fillingim flips the coin. delyle flips the coin.  Is the coin still heads up? ,no,"No, because there are no coins left on it! It has been flipped by maiorin in",no,True,gpt2,0.7,0.9,50,1.1
154, Q: A coin is heads up. nokomis flips the coin. malieka flips the coin. horace flips the coin. shakora flips the coin.  Is the coin still heads up? ,yes,"It's just that it has a bit of head left, so we're not seeing any coins with",no,False,gpt2,0.7,0.9,50,1.1
155, Q: A coin is heads up. chiglinsky flips the coin. turi flips the coin. dalee flips the coin. eriqua flips the coin.  Is the coin still heads up? ,yes,"It's a head down so we can't know what it will do next, but I think that",no,False,gpt2,0.7,0.9,50,1.1
156, Q: A coin is heads up. teage does not flip the coin. jeyden flips the coin. marjona does not flip the coin. selene flips the coin.  Is the coin still heads up? ,yes,"Yes, it's now head down and has a tail that doesn't have any tails!",yes,True,gpt2,0.7,0.9,50,1.1
157, Q: A coin is heads up. sheniece does not flip the coin. patsi does not flip the coin. beavers does not flip the coin. sarom flips the coin.  Is the coin still heads up? ,no,"Yes, it has been so for some time now. It's probably because of its weight (a",yes,False,gpt2,0.7,0.9,50,1.1
158, Q: A coin is heads up. morrel does not flip the coin. chrishae does not flip the coin. catya does not flip the coin. elvera flips the coin.  Is the coin still heads up? ,no,"Yes, it was heading down a few coins as well and then turned around again when one of its",yes,False,gpt2,0.7,0.9,50,1.1
159, Q: A coin is heads up. coleten does not flip the coin. jabaay does not flip the coin. khrystina flips the coin. dionisia does not flip the coin.  Is the coin still heads up? ,no,It was last night when a little girl gave me this message about how she loves her dog and he,unknown,False,gpt2,0.7,0.9,50,1.1
160, Q: A coin is heads up. shikera flips the coin. lowanna does not flip the coin. triinu does not flip the coin. jitendr does not flip the coin.  Is the coin still heads up? ,no,"No, it's a single digit number that has been flipped in all cases except for one (the",no,True,gpt2,0.7,0.9,50,1.1
161, Q: A coin is heads up. hurain flips the coin. sices flips the coin. azaryia flips the coin. ayobami does not flip the coin.  Is the coin still heads up? ,no,"Yes, but it's in a different order from any other coins you have seen or heard of so",yes,False,gpt2,0.7,0.9,50,1.1
162, Q: A coin is heads up. kysha does not flip the coin. candyse flips the coin. cahira flips the coin. malicai flips the coin.  Is the coin still heads up? ,no,"yes, it will remain that way until some other proof of this condition happens to be true (e",yes,False,gpt2,0.7,0.9,50,1.1
163, Q: A coin is heads up. clauzell flips the coin. mareisha does not flip the coin. vyto does not flip the coin. fikisha does not flip the coin.  Is the coin still heads up? ,no,"No, it's just that a few coins are going to be gone before we get back in there",no,True,gpt2,0.7,0.9,50,1.1
164, Q: A coin is heads up. vinchenzo flips the coin. connor-james flips the coin. galvis does not flip the coin. kamarr flips the coin.  Is the coin still heads up? ,no,"No, it's a very small change in size (1/10th of 1%). That means",no,True,gpt2,0.7,0.9,50,1.1
165, Q: A coin is heads up. tenlee flips the coin. dayion does not flip the coin. nemesia does not flip the coin. dionta flips the coin.  Is the coin still heads up? ,yes,The coins are now fully headed down and they will be head-up in 10 seconds after being flipped,no,False,gpt2,0.7,0.9,50,1.1
166, Q: A coin is heads up. mcnicholas does not flip the coin. monaca does not flip the coin. alpaslan flips the coin. kelman flips the coin.  Is the coin still heads up? ,yes,"No, it has been held at this location for over 4 years now by many different people and we",no,False,gpt2,0.7,0.9,50,1.1
167, Q: A coin is heads up. dewy does not flip the coin. aseret does not flip the coin. nasere does not flip the coin. velten flips the coin.  Is the coin still heads up? ,no,"Yes, it has been flipped by an algorithm of its own (for example with one or more other",yes,False,gpt2,0.7,0.9,50,1.1
168, Q: A coin is heads up. wolfgünter flips the coin. coralin does not flip the coin. gadalia does not flip the coin. oidhche flips the coin.  Is the coin still heads up? ,yes,"No, it's just a new transaction from one of our clients who has been using us for quite",no,False,gpt2,0.7,0.9,50,1.1
169, Q: A coin is heads up. jensy flips the coin. quateria flips the coin. urazaly flips the coin. angely does not flip the coin.  Is the coin still heads up? ,no,"It's in its own right, but it may have changed to a different color when you flipped one",unknown,False,gpt2,0.7,0.9,50,1.1
170, Q: A coin is heads up. anakah does not flip the coin. bisto flips the coin. jante flips the coin. braiens does not flip the coin.  Is the coin still heads up? ,yes,"Yes, a set of coins has no head to go on top; it just goes around and over",yes,True,gpt2,0.7,0.9,50,1.1
171, Q: A coin is heads up. shteliyana does not flip the coin. megean flips the coin. marayah does not flip the coin. raylah does not flip the coin.  Is the coin still heads up? ,no,"Yes, it will be if you keep moving on with your business plan and are willing to put in",yes,False,gpt2,0.7,0.9,50,1.1
172, Q: A coin is heads up. diljeet flips the coin. clarisha flips the coin. nihal does not flip the coin. guilda flips the coin.  Is the coin still heads up? ,no,It has a head on it and isn't being flipped yet.,unknown,False,gpt2,0.7,0.9,50,1.1
173, Q: A coin is heads up. marlaena flips the coin. kiare does not flip the coin. naushad flips the coin. janinda does not flip the coin.  Is the coin still heads up? ,yes,"yes, it has been flipped by a king for 6 days now! Janiyan was able to",yes,True,gpt2,0.7,0.9,50,1.1
174, Q: A coin is heads up. audreena does not flip the coin. heidelies does not flip the coin. wynda flips the coin. kyston flips the coin.  Is the coin still heads up? ,yes,"Yes, and it doesn't have a chance of being flipped by other coins or even just one on",yes,True,gpt2,0.7,0.9,50,1.1
175, Q: A coin is heads up. cathrin flips the coin. makiesha does not flip the coin. kinuko does not flip the coin. venn flips the coin.  Is the coin still heads up? ,yes,"The coins are all headed down, so they're head-up now. It's too early to",no,False,gpt2,0.7,0.9,50,1.1
176, Q: A coin is heads up. debe flips the coin. wojciech-kazimierz does not flip the coin. aspazia flips the coin. natyia does not flip the coin.  Is the coin still heads up? ,yes,"No, it doesn't have a head on top of it either. It's just some other part",no,False,gpt2,0.7,0.9,50,1.1
177, Q: A coin is heads up. shahzeb flips the coin. memoona does not flip the coin. tagen flips the coin. mathijs does not flip the coin.  Is the coin still heads up? ,yes,"The coins are now head down and have a different state than before, so they were flipped by `",no,False,gpt2,0.7,0.9,50,1.1
178, Q: A coin is heads up. jonai does not flip the coin. erda flips the coin. mallerie flips the coin. zooey does not flip the coin.  Is the coin still heads up? ,yes,"Yes, but this time it will be tails-up! If a player has three or more coins",yes,True,gpt2,0.7,0.9,50,1.1
179, Q: A coin is heads up. vimukt does not flip the coin. vedis flips the coin. kleper flips the coin. brendaa does not flip the coin.  Is the coin still heads up? ,yes,"No, it's tails down! VEDIS DOES NOT FLOP THE CURRENCY AFTER T",no,False,gpt2,0.7,0.9,50,1.1
180, Q: A coin is heads up. thaliyah flips the coin. valdís does not flip the coin. glendell does not flip the coin. chavez does not flip the coin.  Is the coin still heads up? ,no,"Yes, of course it's head down - just as if you were flipping a big gold mine and",yes,False,gpt2,0.7,0.9,50,1.1
181, Q: A coin is heads up. yesha flips the coin. janiely flips the coin. ragiu does not flip the coin. oliveira does not flip the coin.  Is the coin still heads up? ,yes,"Yes, no or none of them are either head down nor all but one (the only two that",yes,True,gpt2,0.7,0.9,50,1.1
182, Q: A coin is heads up. kevonte flips the coin. maveryck flips the coin. hajrije does not flip the coin. tahari does not flip the coin.  Is the coin still heads up? ,yes,"The head of a given piece, such as your wallet or banknote, will be flipped on its",no,False,gpt2,0.7,0.9,50,1.1
183, Q: A coin is heads up. safrany flips the coin. darris flips the coin. tomonori does not flip the coin. kaat flips the coin.  Is the coin still heads up? ,no,"The coins are head down on a straight line, but it has no tails and its balance of power",no,True,gpt2,0.7,0.9,50,1.1
184, Q: A coin is heads up. finstad does not flip the coin. tidwellii flips the coin. khyrell does not flip the coin. quimbley does not flip the coin.  Is the coin still heads up? ,no,"Yes, and any time a player uses their own head to find something or another piece of information (",yes,False,gpt2,0.7,0.9,50,1.1
185, Q: A coin is heads up. hellat flips the coin. vulnavia flips the coin. debhora flips the coin. sumaiyah does not flip the coin.  Is the coin still heads up? ,no,The coins are now all tails and thus no longer go to one side or another in a straight line,no,True,gpt2,0.7,0.9,50,1.1
186, Q: A coin is heads up. finck flips the coin. madelijne does not flip the coin. ionia does not flip the coin. symara does not flip the coin.  Is the coin still heads up? ,no,"If there was no head, it would be tails down. The rule for flipping coins in this situation",no,True,gpt2,0.7,0.9,50,1.1
187, Q: A coin is heads up. fromma does not flip the coin. mandelbaum does not flip the coin. divinefavour does not flip the coin. aspia does not flip the coin.  Is the coin still heads up? ,yes,"The coins are going to have tails if they do, but in this case we'll just assume that",unknown,False,gpt2,0.7,0.9,50,1.1
188, Q: A coin is heads up. fiorenzo flips the coin. rivero flips the coin. kyra flips the coin. donko does not flip the coin.  Is the coin still heads up? ,no,"Yes, it was in play when we decided to change our policy on this issue (which you can",yes,False,gpt2,0.7,0.9,50,1.1
189, Q: A coin is heads up. verley flips the coin. nytavious does not flip the coin. alsiha does not flip the coin. leroyal does not flip the coin.  Is the coin still heads up? ,no,"No, it's all tails! It has no coins to be considered a headup in this case",no,True,gpt2,0.7,0.9,50,1.1
190, Q: A coin is heads up. zo flips the coin. samarion does not flip the coin. serene does not flip the coin. nurdagül does not flip the coin.  Is the coin still heads up? ,no,"Yes, as long it has been flipped by a different person or group of people that did not have",yes,False,gpt2,0.7,0.9,50,1.1
191, Q: A coin is heads up. ligaya flips the coin. damarri does not flip the coin. zyhdi flips the coin. khunanon does not flip the coin.  Is the coin still heads up? ,yes,"It may be, but it's probably a small matter that has been overlooked by most people when they",unknown,False,gpt2,0.7,0.9,50,1.1
192, Q: A coin is heads up. gonzalez-puig does not flip the coin. kailo flips the coin. blankumsee does not flip the coin. sónia flips the coin.  Is the coin still heads up? ,yes,"Yes, it was flipped in a few turns during our day time on August 26th and 27rd",yes,True,gpt2,0.7,0.9,50,1.1
193, Q: A coin is heads up. chisom does not flip the coin. asher flips the coin. gennarino does not flip the coin. yakar does not flip the coin.  Is the coin still heads up? ,no,"Yes, it has been flipped in accordance with this rule and there was no issue at all during our",yes,False,gpt2,0.7,0.9,50,1.1
194, Q: A coin is heads up. boutte does not flip the coin. asime flips the coin. amaani flips the coin. donn flips the coin.  Is the coin still heads up? ,no,"No, and that's why it doesn't look like a headup when you see one of those",no,True,gpt2,0.7,0.9,50,1.1
195, Q: A coin is heads up. latonya flips the coin. bullins does not flip the coin. loreena flips the coin. almeda flips the coin.  Is the coin still heads up? ,no,"No, it's actually tails down because of a change in direction from east to west (but we",no,True,gpt2,0.7,0.9,50,1.1
196, Q: A coin is heads up. tenzile flips the coin. seren-grace flips the coin. lukehart flips the coin. labors does not flip the coin.  Is the coin still heads up? ,no,"The next time we face a bad situation, it's always going to be head down or go back",unknown,False,gpt2,0.7,0.9,50,1.1
197, Q: A coin is heads up. ahlanie does not flip the coin. ruggiero does not flip the coin. olumide flips the coin. diyari flips the coin.  Is the coin still heads up? ,yes,"I think it's head down and there are no coins left in its possession, so if you flipped",no,False,gpt2,0.7,0.9,50,1.1
198, Q: A coin is heads up. juantia does not flip the coin. cayse does not flip the coin. incoronato does not flip the coin. rhoddy flips the coin.  Is the coin still heads up? ,no,The head of a circle (as opposed to an orb) has no effect on coins that are more,no,True,gpt2,0.7,0.9,50,1.1
199, Q: A coin is heads up. lazavier does not flip the coin. loseff does not flip the coin. corvon does not flip the coin. jamin does not flip the coin.  Is the coin still heads up? ,yes,"Yes, it has a head-up condition and no tail in this case (it's just that",yes,True,gpt2,0.7,0.9,50,1.1
200, Q: A coin is heads up. craigjames does not flip the coin. yonic does not flip the coin. rioghan does not flip the coin. colbe does not flip the coin.  Is the coin still heads up? ,yes,"Yes, it's in its original state from start to finish as well as every time you are playing",yes,True,gpt2,0.7,0.9,50,1.1
