sample_id,prompt,expected_answer,model_response,predicted_answer,is_correct,task_type,temperature,top_p,top_k,repetition_penalty
1, Q: A coin is heads up. rushawn flips the coin. yerania does not flip the coin. myricle does not flip the coin. jostin does not flip the coin.  Is the coin still heads up? ,no,"Yes, it's headed down! If you take a look at your computer screen (or if they",yes,False,emotional,0.6399999999999999,0.885,53,1.1
2, Q: A coin is heads up. korianna does not flip the coin. lacey flips the coin. dimitricus flips the coin. selars does not flip the coin.  Is the coin still heads up? ,yes,"No, no it has already been flipped! The coins are all headed down to zero in this case",no,False,emotional,0.6609999999999999,0.89025,51,1.1
3, Q: A coin is heads up. prosperus flips the coin. jaileah does not flip the coin. mihalco does not flip the coin. kiaralee flips the coin.  Is the coin still heads up? ,yes,"Yes, it has been flipped by all of its members in a single game! All three players have",yes,True,emotional,0.6700999999999999,0.892525,51,1.1
4, Q: A coin is heads up. bollen flips the coin. ashmin flips the coin. qureshi flips the coin. maquel flips the coin.  Is the coin still heads up? ,yes,"Yes, it has been flipped by a headup counter on that side of the board and its face",yes,True,emotional,0.6871099999999999,0.8967775,50,1.1
5, Q: A coin is heads up. itzamar flips the coin. clione flips the coin. alely does not flip the coin. sieghardt flips the coin.  Is the coin still heads up? ,no,"It's no longer a head down, but rather an upward one that appears to be headed left or",no,True,emotional,0.6918209999999999,0.89795525,50,1.1
6, Q: A coin is heads up. motonobu does not flip the coin. nichlaus flips the coin. erissa flips the coin. marliegh does not flip the coin.  Is the coin still heads up? ,yes,"No, it's only 1/4 in head count and doesn't go to any other coins because",no,False,emotional,0.6949030999999999,0.898725775,50,1.1
7, Q: A coin is heads up. jordani does not flip the coin. dishawn does not flip the coin. darriana does not flip the coin. jahlani does not flip the coin.  Is the coin still heads up? ,yes,"The coins are now headed down, and as a result you have to wait until they reach their full",no,False,emotional,0.6973834099999998,0.8993458525,50,1.1
8, Q: A coin is heads up. oliveriu does not flip the coin. vidin does not flip the coin. bowen does not flip the coin. clairemarie does not flip the coin.  Is the coin still heads up? ,yes,"Yes, you can see a head on it now! You're right - there's no heading down",yes,True,emotional,0.6984107509999999,0.89960268775,50,1.1
9, Q: A coin is heads up. arihaan does not flip the coin. kerk flips the coin. avenelle does not flip the coin. moustafa does not flip the coin.  Is the coin still heads up? ,no,The coins are flipped but if you put them on top of each other then they have to be turned,unknown,False,emotional,0.6990697260999998,0.8997674315249999,50,1.1
10, Q: A coin is heads up. vladyslav does not flip the coin. sholeh does not flip the coin. arabella flips the coin. merrial does not flip the coin.  Is the coin still heads up? ,no,"The answer to that depends on where you put it and how much of a question ""heads up""",unknown,False,emotional,0.6994863887099999,0.8998715971775,50,1.1
11, Q: A coin is heads up. mikelyn flips the coin. izzy-mae flips the coin. ashleyanne flips the coin. hjalmar does not flip the coin.  Is the coin still heads up? ,no,"It's now that it has a head down position, so you can see all of those coins moving",no,True,emotional,0.6996966865809999,0.89992417164525,50,1.1
12, Q: A coin is heads up. onye flips the coin. youl flips the coin. kendera flips the coin. fabia does not flip the coin.  Is the coin still heads up? ,no,"Yes, it was headed down for a while before I flipped and had to stop flipping again when i",yes,False,factual,0.4198252801391,0.864956320034775,43,1.17
13, Q: A coin is heads up. loujean does not flip the coin. annielee flips the coin. khylar flips the coin. avanita does not flip the coin.  Is the coin still heads up? ,yes,"Yes, it's now in its current position at that time of day and there are no coins left",yes,True,emotional,0.6719008355430099,0.8964752088857525,49,1.107
14, Q: A coin is heads up. milia flips the coin. elbridge flips the coin. detrell does not flip the coin. ceana does not flip the coin.  Is the coin still heads up? ,yes,"Yes, it has been flipped and then dropped to its left position after a short delay from 5 minutes",yes,True,emotional,0.669142280226311,0.8961355700565777,49,1.1077
15, Q: A coin is heads up. mayers flips the coin. floriţa flips the coin. lucil does not flip the coin. lenford does not flip the coin.  Is the coin still heads up? ,yes,"It might be a head-up for sure, but it's hard to tell from what I see",unknown,False,emotional,0.666086839590842,0.8957567098977105,49,1.10847
16, Q: A coin is heads up. levane flips the coin. makira does not flip the coin. hla does not flip the coin. ellia does not flip the coin.  Is the coin still heads up? ,no,"Yes, it's now head down and remains on top of its parent (the original). It was",yes,False,emotional,0.6907129955360162,0.8988367488840041,49,1.102317
17, Q: A coin is heads up. termain does not flip the coin. mayuka flips the coin. dymone does not flip the coin. ashiley flips the coin.  Is the coin still heads up? ,yes,"yes, it's a head down position as there are no tails left at this time of year and",yes,True,emotional,0.6925942115353169,0.8990729028838292,49,1.1018487000000001
18, Q: A coin is heads up. brittainy does not flip the coin. gracie-louise does not flip the coin. marletha flips the coin. esveidy does not flip the coin.  Is the coin still heads up? ,no,"Yes, it was a bit of an anomaly that we did see some other coins in there with more",yes,False,emotional,0.6949394046662174,0.8993666361665544,49,1.10126357
19, Q: A coin is heads up. keyhla flips the coin. urijah does not flip the coin. conception flips the coin. puspa flips the coin.  Is the coin still heads up? ,no,"No, it's head down (in fact its been flipped at least once). However if one holds",no,True,emotional,0.697824661173755,0.8997276287934388,49,1.100542927
20, Q: A coin is heads up. donley does not flip the coin. mohammed-faizan does not flip the coin. maddisen does not flip the coin. reckner does not flip the coin.  Is the coin still heads up? ,yes,"Yes, it has been so since last year that there are no further questions about this issue now or",yes,True,emotional,0.6985358277375289,0.8998167167843822,49,1.1003655197
21, Q: A coin is heads up. linkyn flips the coin. gennelle does not flip the coin. omiros flips the coin. ruah flips the coin.  Is the coin still heads up? ,no,"It's a 1/1, so it has to be on top of its head before any other",unknown,False,emotional,0.6991299893577501,0.8998910981744375,49,1.10021720167
22, Q: A coin is heads up. hadmuthe flips the coin. samaher does not flip the coin. marjolijn flips the coin. albiery flips the coin.  Is the coin still heads up? ,no,"Yes, in all probability it has been held for at least 2 consecutive hours or until a change occurs",yes,False,emotional,0.6995490478269033,0.8999435443752258,49,1.100112564837
23, Q: A coin is heads up. asbjørg does not flip the coin. vilena flips the coin. ax does not flip the coin. aeiress flips the coin.  Is the coin still heads up? ,yes,"Yes, but it has been reversed by Øyvindsson's side-by -1/-",yes,True,emotional,0.6997214864922181,0.8999651359334045,49,1.1000695286207
24, Q: A coin is heads up. fadile flips the coin. edgington does not flip the coin. tawana-nyasha flips the coin. danella flips the coin.  Is the coin still heads up? ,no,"It has no head at all! We've got it in our hands, and we're just going",no,True,emotional,0.6998400523676871,0.8999799778483069,49,1.10003992951277
25, Q: A coin is heads up. shalei does not flip the coin. yitzchok does not flip the coin. adriauna flips the coin. callasandra flips the coin.  Is the coin still heads up? ,yes,"Yes, if a block has an edge which cannot be flipped by any other player's hand then it",yes,True,emotional,0.6999110586686808,0.8999888658156937,49,1.100022202297047
26, Q: A coin is heads up. rukshan does not flip the coin. hanneke does not flip the coin. sundga flips the coin. relly flips the coin.  Is the coin still heads up? ,yes,"yes, as long as it has a face value of 1 and no faces are on either side or",yes,True,emotional,0.6999472597528585,0.8999933979597405,49,1.1000131660430517
27, Q: A coin is heads up. ivry does not flip the coin. makyah flips the coin. caorran does not flip the coin. lainez does not flip the coin.  Is the coin still heads up? ,no,"Yes, and it can be reversed using a double-checker to ensure that both coins are on",yes,False,emotional,0.6999698370789226,0.8999962241623741,49,1.100007529785287
28, Q: A coin is heads up. allisa flips the coin. audley flips the coin. gregroy does not flip the coin. dhvip does not flip the coin.  Is the coin still heads up? ,yes,"Yes, it's no longer being considered as a head-up because of changes in rules at this",yes,True,emotional,0.6999828155500462,0.8999978487937809,49,1.1000042898125386
29, Q: A coin is heads up. taylor-rae does not flip the coin. audell does not flip the coin. nisaiah flips the coin. arist does not flip the coin.  Is the coin still heads up? ,no,"No, it's a ""non-upgrade"" head which means that if you were to add",no,True,emotional,0.6999899912381826,0.8999987470915896,49,1.1000024985640877
30, Q: A coin is heads up. monya does not flip the coin. sraddha does not flip the coin. loganjames flips the coin. elessio flips the coin.  Is the coin still heads up? ,yes,"No, it's now in a state that has been flipped by an attacker (perhaps because of some",no,False,emotional,0.699994264386715,0.8999992820047744,49,1.1000014318161913
31, Q: A coin is heads up. jopie flips the coin. nidah flips the coin. antyon flips the coin. bona flips the coin.  Is the coin still heads up? ,yes,"Yes, it has been since its last head down! The coins are now all in one place and",yes,True,factual,0.41999670711749437,0.8649995877890144,42,1.1700008220192817
32, Q: A coin is heads up. chelita does not flip the coin. wooley does not flip the coin. sonoko flips the coin. ura does not flip the coin.  Is the coin still heads up? ,no,"No, it's tails down (the last two digits of a hexadecimal number). If",no,True,emotional,0.6719980962742391,0.8964997616885378,49,1.107000475239956
33, Q: A coin is heads up. lisel flips the coin. leyah flips the coin. vito flips the coin. rivera-cruz does not flip the coin.  Is the coin still heads up? ,no,"In this case, it's a double head of 0 and 1 that we're talking about here so",unknown,False,emotional,0.6691989067778448,0.8961498631482328,49,1.107700272907543
34, Q: A coin is heads up. tamaryn flips the coin. sharal does not flip the coin. kamyrah does not flip the coin. vessie flips the coin.  Is the coin still heads up? ,yes,"It's definitely a head down, but it will be in our next post to get back on track",unknown,False,emotional,0.6661193710169577,0.8957649212625785,49,1.1084701570166782
35, Q: A coin is heads up. breyanna flips the coin. garrey does not flip the coin. souraya does not flip the coin. kahira flips the coin.  Is the coin still heads up? ,yes,"It's an open-source project with a very large community, which includes all of us who are",unknown,False,emotional,0.6907316374069041,0.8988414546099349,49,1.1023170905164177
36, Q: A coin is heads up. mackeyla does not flip the coin. rawson does not flip the coin. adriennie flips the coin. aroya does not flip the coin.  Is the coin still heads up? ,no,"Yes, it was in circulation when this picture first appeared on April 13th 2009 as part of an",yes,False,emotional,0.6926049915201706,0.8990756239020746,49,1.1018487520440639
37, Q: A coin is heads up. yonda flips the coin. jamie-joseph does not flip the coin. hett does not flip the coin. nitzy flips the coin.  Is the coin still heads up? ,yes,"No, it's headed down (i) or in one of its usual places and has been flipped",no,False,emotional,0.6949455999944032,0.8993681999774588,49,1.101263599957716
38, Q: A coin is heads up. gokce flips the coin. maxmillian does not flip the coin. miente flips the coin. lacrisha does not flip the coin.  Is the coin still heads up? ,yes,"Yes, it has been flipped by a majority of its peers in this regard since May 2015 (when",yes,True,factual,0.41782822289214777,0.8647285278489468,42,1.1705429442518196
39, Q: A coin is heads up. clementie does not flip the coin. nicholaas does not flip the coin. battan flips the coin. fearon does not flip the coin.  Is the coin still heads up? ,no,"Yes, it has been flipped by a number of different people in our community to get rid and keep",yes,False,emotional,0.6705378814406721,0.896317235172848,49,1.10736552962536
40, Q: A coin is heads up. oshan flips the coin. quentin flips the coin. hayaat flips the coin. polewarzyk flips the coin.  Is the coin still heads up? ,yes,"Yes, but it's not a head of any sort on this side. It was flipped upside down",yes,True,emotional,0.6683311704327223,0.8960413962999254,49,1.1079172073834895
41, Q: A coin is heads up. dorraine does not flip the coin. kirean does not flip the coin. burrs does not flip the coin. dubhgan flips the coin.  Is the coin still heads up? ,no,The coins are now on top of each other and have no idea where they were put together until a,no,True,emotional,0.6656697274765542,0.8957087159321719,49,1.1085825681260668
42, Q: A coin is heads up. kacelynn flips the coin. canye flips the coin. mellany flips the coin. chukwudubem flips the coin.  Is the coin still heads up? ,yes,"It's not yet, but it looks like we're in a good position to make an announcement about",no,False,factual,0.4104538779349948,0.8638067347404945,42,1.1723865305134917
43, Q: A coin is heads up. vrishin does not flip the coin. talat flips the coin. rueben-carter flips the coin. finley-jack does not flip the coin.  Is the coin still heads up? ,yes,"The answer to this question depends on which of these two coins you're looking at, but it's",unknown,False,emotional,0.6644454775844271,0.8955556846972592,49,1.108888630602305
44, Q: A coin is heads up. armyn flips the coin. pravya flips the coin. feinleib does not flip the coin. gerene does not flip the coin.  Is the coin still heads up? ,yes,"Yes, it has changed position since its first attack and will continue to move forward on this turn if",yes,True,emotional,0.6640569082995975,0.8955071135369925,49,1.1089857729241863
45, Q: A coin is heads up. nelie flips the coin. louvena does not flip the coin. rajbiri does not flip the coin. mika flips the coin.  Is the coin still heads up? ,yes,"Yes, and no on a roll of 1's or 2's if there are any coins in it",yes,True,emotional,0.6638956263819019,0.8954869532974746,49,1.1090260934039984
46, Q: A coin is heads up. jeramy flips the coin. teirney does not flip the coin. covadonga flips the coin. livvie does not flip the coin.  Is the coin still heads up? ,yes,"Yes, it was in a few moments of time when we moved away from that state and were able",yes,True,emotional,0.6892398012265926,0.8986549751531727,49,1.102690049693049
47, Q: A coin is heads up. analicia does not flip the coin. aviraj flips the coin. pappano does not flip the coin. richarda does not flip the coin.  Is the coin still heads up? ,no,"Yes, if you have a lot of coins that are head-up and do no moves during your",yes,False,emotional,0.6917192335908091,0.898964904198764,49,1.1020701916021234
48, Q: A coin is heads up. havannah does not flip the coin. willease does not flip the coin. naoh flips the coin. talonda does not flip the coin.  Is the coin still heads up? ,no,"No, it's just that one has been flipped on its face (and sometimes this may happen).",no,True,emotional,0.6944854661199302,0.8993106832649411,49,1.101378633469917
49, Q: A coin is heads up. souhail does not flip the coin. maylena does not flip the coin. arbelaez flips the coin. saroya does not flip the coin.  Is the coin still heads up? ,no,"yes, but it doesn't necessarily have to be a head down or otherwise out of position for any",yes,False,emotional,0.6975444500937331,0.8996930562616878,49,1.100613887476509
50, Q: A coin is heads up. dearra does not flip the coin. reney flips the coin. dustee does not flip the coin. aniaya does not flip the coin.  Is the coin still heads up? ,no,"Yes, it's a change of direction and so on until its head changes position at which point one",yes,False,emotional,0.6983749149804471,0.8997968643725393,49,1.100406271254855
51, Q: A coin is heads up. nanthakumar does not flip the coin. natylee does not flip the coin. zinaīda does not flip the coin. aveana flips the coin.  Is the coin still heads up? ,no,"No, it's only for nosing down with and without dashing out of range to avoid being",no,True,emotional,0.699040483119411,0.8998800603899169,49,1.100239879220128
52, Q: A coin is heads up. bootle flips the coin. lenhart does not flip the coin. paresh does not flip the coin. rodolph does not flip the coin.  Is the coin still heads up? ,no,"No, no it isn't that simple as you might think (the way a head can change direction",no,True,emotional,0.699495984819359,0.8999369981024143,49,1.1001260037951492
53, Q: A coin is heads up. isabella flips the coin. audris flips the coin. naohisa flips the coin. ayira does not flip the coin.  Is the coin still heads up? ,no,"Yes, it has been flipped by a head down (or if its face gets changed). It was",yes,False,emotional,0.6996911382919216,0.8999613922864871,49,1.1000772154270133
54, Q: A coin is heads up. charlie-dunbar flips the coin. siante does not flip the coin. durvesh flips the coin. kiyah does not flip the coin.  Is the coin still heads up? ,yes,"No, it has been flipped in that direction (the first move of a chain). In fact,",no,False,emotional,0.6998227606230691,0.8999778450778818,49,1.100044309844229
55, Q: A coin is heads up. oscarina does not flip the coin. györgyi does not flip the coin. braileigh does not flip the coin. dorrielan does not flip the coin.  Is the coin still heads up? ,yes,"yes, but it's now tails down and its head isn't at all upright (it might be",yes,True,emotional,0.699900988373435,0.8999876235466784,49,1.1000247529066391
56, Q: A coin is heads up. adalay does not flip the coin. yabriel does not flip the coin. witcher does not flip the coin. anthony-jack flips the coin.  Is the coin still heads up? ,no,"Yes, it will be headed down for a while longer than before and can then get back to where",yes,False,emotional,0.6999414887288424,0.8999926860911047,49,1.1000146278177882
57, Q: A coin is heads up. yiğitcan flips the coin. treymon does not flip the coin. kindig flips the coin. letcho flips the coin.  Is the coin still heads up? ,no,"No, it's just that we don't know if there are any coins in our possession or whether",no,True,factual,0.41996652377253463,0.8649958154715665,42,1.1700083690568657
58, Q: A coin is heads up. rachaba flips the coin. mateen flips the coin. fai flips the coin. ivonne does not flip the coin.  Is the coin still heads up? ,no,"Yes, it has been flipped to face down from above in this situation (as shown below). The",yes,False,emotional,0.6719809000874811,0.896497612510935,49,1.1070047749781293
59, Q: A coin is heads up. onik flips the coin. leonhart flips the coin. symela does not flip the coin. trieste does not flip the coin.  Is the coin still heads up? ,yes,"It's a new one, but it has to be in its first day of minting (that",unknown,False,emotional,0.6691888912588857,0.8961486114073607,49,1.1077027771852783
60, Q: A coin is heads up. merienne flips the coin. laylaa does not flip the coin. huldine does not flip the coin. paytynn does not flip the coin.  Is the coin still heads up? ,no,"No, it's simply an error in judgement that has been corrected by some other person or something else",no,True,emotional,0.6661136315118901,0.8957642039389861,49,1.1084715921220274
61, Q: A coin is heads up. chari does not flip the coin. marja does not flip the coin. vlatko does not flip the coin. daivyon flips the coin.  Is the coin still heads up? ,no,"Yes, but only if it was flipped to head down or by a new-style change (e",yes,False,emotional,0.6907283422858257,0.8988410427857282,49,1.1023179144285435
62, Q: A coin is heads up. wako does not flip the coin. mercedese flips the coin. davonne flips the coin. geula flips the coin.  Is the coin still heads up? ,no,"Yes, if it was all that bright with its light coming from a dark place where you would have",yes,False,emotional,0.69260308650566,0.8990753858132075,49,1.101849228373585
63, Q: A coin is heads up. nandni does not flip the coin. ishwar does not flip the coin. corabel does not flip the coin. lasse flips the coin.  Is the coin still heads up? ,no,"Yes, as long it has been held in its original position since you have taken a breath and rested",yes,False,emotional,0.6949445060303375,0.8993680632537921,49,1.1012638734924156
64, Q: A coin is heads up. gavina flips the coin. gloretta flips the coin. perline does not flip the coin. britani does not flip the coin.  Is the coin still heads up? ,yes,"No, it's in fact head down with a ""1"" instead of an 8 and you can",no,False,emotional,0.6978275934821823,0.8997284491852728,49,1.1005431016294545
65, Q: A coin is heads up. merrilee flips the coin. hada flips the coin. wiegbert does not flip the coin. caydee does not flip the coin.  Is the coin still heads up? ,yes,"Yes, it has been flipped by a player who received an invitation to play in this tournament (or",yes,True,factual,0.418537518601818,0.8648171898252273,42,1.1703656203495454
66, Q: A coin is heads up. ronaldus does not flip the coin. angelann flips the coin. leokadija flips the coin. kazufumi does not flip the coin.  Is the coin still heads up? ,yes,"The coins are just head-up and tails down, so that's why it says ""Head""",unknown,False,emotional,0.6711309618114337,0.8963913702264292,49,1.1072172595471415
67, Q: A coin is heads up. plumlee flips the coin. dekwan does not flip the coin. mcloughlin flips the coin. eyhab does not flip the coin.  Is the coin still heads up? ,yes,"It's a good thing you didn't lose your hand! I know it sounds silly, but we",no,False,emotional,0.6687496073895434,0.8960937009236929,49,1.1078125981526141
68, Q: A coin is heads up. aavyan does not flip the coin. duperroy does not flip the coin. ajuni flips the coin. lezer does not flip the coin.  Is the coin still heads up? ,no,"Yes, it's headed down (top). The only difference between these two coins are that there isn",yes,False,emotional,0.6658418087802794,0.8957302260975349,49,1.10853954780493
69, Q: A coin is heads up. palaksh does not flip the coin. henry-thomas flips the coin. dennisha flips the coin. icke does not flip the coin.  Is the coin still heads up? ,yes,"It's just a head down, so it doesn't change its state from 1 to 5 (or",unknown,False,emotional,0.6905722377981256,0.8988215297247657,49,1.1023569405504685
70, Q: A coin is heads up. harren flips the coin. jolda does not flip the coin. kalyssa flips the coin. zacorian does not flip the coin.  Is the coin still heads up? ,yes,"Yes, and as soon a new coins are created there will be no change in what they represent or",yes,True,emotional,0.6925163653967947,0.8990645456745994,49,1.1018709086508012
71, Q: A coin is heads up. aeson does not flip the coin. safira flips the coin. jimiah does not flip the coin. mcleish flips the coin.  Is the coin still heads up? ,yes,"Yes, it remains so until its head down again (the last one). However, when an attacker",yes,True,emotional,0.6948930411975199,0.89936163014969,49,1.10127673970062
72, Q: A coin is heads up. narla flips the coin. vaasta does not flip the coin. lizzbeth does not flip the coin. stiljan does not flip the coin.  Is the coin still heads up? ,no,"The Coin has been flipped so far, but we don't know if it's head down or on",no,True,emotional,0.6977981644392439,0.8997247705549055,49,1.100550458890189
73, Q: A coin is heads up. wilfredo flips the coin. mivaan flips the coin. marigail flips the coin. dörthe does not flip the coin.  Is the coin still heads up? ,no,"Yes, but it has been flipped to head right (i.e., at an angle). In",yes,False,emotional,0.6985207571033558,0.8998150946379195,49,1.100369810724161
74, Q: A coin is heads up. niakia flips the coin. hayleigh flips the coin. zayion does not flip the coin. filuta flips the coin.  Is the coin still heads up? ,no,"No, it's tails down! It just goes through a little bit of flipping before moving to head",no,True,emotional,0.6991211962740119,0.8998901495342515,49,1.1002197009314971
75, Q: A coin is heads up. malnar does not flip the coin. michelson does not flip the coin. rohrbach flips the coin. romildo flips the coin.  Is the coin still heads up? ,yes,"It's a bit tricky to tell because there are many different coins, but it would be interesting if",unknown,False,emotional,0.699544011781661,0.8999430014727077,49,1.1001139970545848
76, Q: A coin is heads up. dorkas does not flip the coin. korii does not flip the coin. ilyaas flips the coin. tina-marie does not flip the coin.  Is the coin still heads up? ,no,"Yes, but there are no coins that would be able to turn a head on this test (i",yes,False,emotional,0.6997185965159028,0.8999648245644878,49,1.1000703508710243
77, Q: A coin is heads up. amilie does not flip the coin. jai-jai flips the coin. haukom flips the coin. uways flips the coin.  Is the coin still heads up? ,no,"No, it doesn't appear to be head down at this point. The only way you can see",no,True,emotional,0.6998383804571575,0.8999797975571446,49,1.1000404048857106
78, Q: A coin is heads up. ramos-morales flips the coin. tanille does not flip the coin. aridna does not flip the coin. cabriano flips the coin.  Is the coin still heads up? ,yes,"Yes, and there are some coins that we're sure have a head on them as well. But",yes,True,emotional,0.6999100988754721,0.899988762359434,49,1.100022475281132
79, Q: A coin is heads up. rolan does not flip the coin. bennette does not flip the coin. sufyaan does not flip the coin. mercutio does not flip the coin.  Is the coin still heads up? ,yes,"Yes, it's on its way to head down if you do a lot of flips and then they",yes,True,emotional,0.6999467075848531,0.8999933384481067,49,1.1000133231037867
80, Q: A coin is heads up. kirthika flips the coin. durvasa flips the coin. tayli does not flip the coin. lyiam does not flip the coin.  Is the coin still heads up? ,yes,"The coins are now head down, but you can see that they're on their way back to it",no,False,emotional,0.6999695186917483,0.8999961898364686,49,1.100007620327063
81, Q: A coin is heads up. ilana flips the coin. krassimira does not flip the coin. birtha does not flip the coin. lonny does not flip the coin.  Is the coin still heads up? ,no,"Yes, there are some coins that may be held on a head down position and others which will simply",yes,False,emotional,0.6999826325152073,0.8999978290644008,49,1.1000043418711982
82, Q: A coin is heads up. simranjit flips the coin. noda does not flip the coin. izet flips the coin. nerea does not flip the coin.  Is the coin still heads up? ,yes,"The coins are all on their way to an exit, so it's possible that they're headed for",unknown,False,emotional,0.6999898858791809,0.8999987357348976,49,1.1000025285302049
83, Q: A coin is heads up. melaya does not flip the coin. vasya does not flip the coin. rögnvaldur flips the coin. dameliya flips the coin.  Is the coin still heads up? ,yes,"The coins are flipped and then, at a later time when it's going to be more difficult for",unknown,False,emotional,0.6999942037086135,0.8999992754635767,49,1.1000014490728467
84, Q: A coin is heads up. otway flips the coin. aarae does not flip the coin. mient does not flip the coin. kevser flips the coin.  Is the coin still heads up? ,yes,"Yes, it's heading down on its side of the board (it will be at least 1 or",yes,True,emotional,0.6999966722103,0.8999995840262875,49,1.100000831947425
85, Q: A coin is heads up. palermo does not flip the coin. picabo flips the coin. chauntel does not flip the coin. remys flips the coin.  Is the coin still heads up? ,yes,"Yes, if both parties are at least two coins down in position (i say three), then they",yes,True,emotional,0.6999980761798094,0.8999997595224762,49,1.1000004809550477
86, Q: A coin is heads up. marionna flips the coin. scelfo flips the coin. dewi does not flip the coin. tyshawn does not flip the coin.  Is the coin still heads up? ,yes,"No, it has no head or tails and thus its position remains unchanged (i'm sure that you",no,False,emotional,0.6999988952098722,0.899999861901234,49,1.100000276197532
87, Q: A coin is heads up. raelani does not flip the coin. sinem does not flip the coin. hollie-anne does not flip the coin. androulla flips the coin.  Is the coin still heads up? ,no,"Yes, in that case it has to be head down (that's what we call a ""head",yes,False,emotional,0.6999993643599981,0.8999999205449998,49,1.1000001589100004
88, Q: A coin is heads up. kahlill does not flip the coin. deliah does not flip the coin. kellis flips the coin. evaa flips the coin.  Is the coin still heads up? ,yes,"Yes, if it has been flipped and its head down (eagle eye). However, an eagle",yes,True,emotional,0.6999996335749679,0.899999954196871,49,1.100000091606258
89, Q: A coin is heads up. arnljot flips the coin. merlee does not flip the coin. ridha does not flip the coin. eskild flips the coin.  Is the coin still heads up? ,yes,It's in our hands!,unknown,False,emotional,0.6999997893144838,0.8999999736643105,49,1.1000000526713791
90, Q: A coin is heads up. jayjay flips the coin. tanilah does not flip the coin. marie-anne flips the coin. hunain does not flip the coin.  Is the coin still heads up? ,yes,"yes, but only in reverse! The correct answer to this question can be found by looking at these",yes,True,emotional,0.699999878724945,0.8999999848406182,49,1.1000000303187638
91, Q: A coin is heads up. calabrese flips the coin. giray flips the coin. dorien flips the coin. lislie flips the coin.  Is the coin still heads up? ,yes,"The head of a new mint has to be at least five points above its predecessor's current value,",unknown,False,emotional,0.6999999301614396,0.8999999912701799,49,1.10000001745964
92, Q: A coin is heads up. kerryanne does not flip the coin. arelene does not flip the coin. lacourse does not flip the coin. cheilon does not flip the coin.  Is the coin still heads up? ,yes,"Yes, it's on its way to head-up position (see below). It may be headed",yes,True,emotional,0.6999999598200868,0.8999999949775108,49,1.1000000100449783
93, Q: A coin is heads up. sterica flips the coin. tianna-leigh does not flip the coin. ivanah does not flip the coin. kimby does not flip the coin.  Is the coin still heads up? ,no,"No, it isn't! It's just that some people have been asking us for a while now",no,True,emotional,0.6999999768706471,0.8999999971088308,49,1.1000000057823383
94, Q: A coin is heads up. reetu flips the coin. dzemilja does not flip the coin. balendin flips the coin. markquise does not flip the coin.  Is the coin still heads up? ,yes,"I don't think so, but it's possible for a lot of things to be headed upwards (",unknown,False,emotional,0.6999999866852172,0.8999999983356521,49,1.1000000033286956
95, Q: A coin is heads up. adiela flips the coin. coltyn does not flip the coin. kovie does not flip the coin. gabel does not flip the coin.  Is the coin still heads up? ,no,"I think it's a head down, but that doesn't mean you have to say so on this",unknown,False,emotional,0.699999992337595,0.8999999990421994,49,1.1000000019156013
96, Q: A coin is heads up. fresquet flips the coin. cezalinda flips the coin. melanye flips the coin. peonir does not flip the coin.  Is the coin still heads up? ,no,"Yes, but it will be too late for a reversal and thus no coins are sent to either side",yes,False,emotional,0.6999999955893459,0.8999999994486683,49,1.1000000011026636
97, Q: A coin is heads up. anterio flips the coin. karène flips the coin. malacay does not flip the coin. talik flips the coin.  Is the coin still heads up? ,no,"It was before this incident that I had to use a different approach for flipping coins, and so now",no,True,emotional,0.6999999974612158,0.899999999682652,49,1.100000000634696
98, Q: A coin is heads up. radetski does not flip the coin. lacie-mae flips the coin. newroz does not flip the coin. bogić flips the coin.  Is the coin still heads up? ,yes,"Yes, it will be in head position for several seconds after being flipped and its status displayed as having",yes,True,emotional,0.6999999985388157,0.899999999817352,49,1.100000000365296
99, Q: A coin is heads up. oluwapamilerinayo does not flip the coin. shurhonda does not flip the coin. tallyn flips the coin. cezary does not flip the coin.  Is the coin still heads up? ,no,"Yes, it will be when we change its state from one of ""a head-up"" to",yes,False,emotional,0.6999999991589376,0.8999999998948672,49,1.1000000002102657
100, Q: A coin is heads up. zimo flips the coin. soble flips the coin. fatema does not flip the coin. ashauria flips the coin.  Is the coin still heads up? ,no,"yes, but it has a different head than usual and that's why we have to put some more",yes,False,emotional,0.6999999995158969,0.8999999999394872,49,1.100000000121026
101, Q: A coin is heads up. jema does not flip the coin. volena does not flip the coin. akifumi does not flip the coin. amberlie flips the coin.  Is the coin still heads up? ,no,"Yes, it remains headed down until either side of a line moves to go from left or right on",yes,False,emotional,0.699999999721365,0.8999999999651707,49,1.1000000000696588
102, Q: A coin is heads up. huberto does not flip the coin. kvaughn flips the coin. ercan flips the coin. jaquin flips the coin.  Is the coin still heads up? ,no,"yes it has been flipped before, but no matter how many times we change its position in a block",yes,False,emotional,0.6999999998396199,0.8999999999799525,49,1.1000000000400951
103, Q: A coin is heads up. tereas flips the coin. arniesha flips the coin. dimitrija does not flip the coin. holdridge does not flip the coin.  Is the coin still heads up? ,yes,"Yes, it has been flipped at this time and its position remains unchanged in both directions (i.",yes,True,emotional,0.6999999999076881,0.899999999988461,49,1.100000000023078
104, Q: A coin is heads up. sukhtaj flips the coin. heymi does not flip the coin. joei flips the coin. bernadeta flips the coin.  Is the coin still heads up? ,no,"Yes, it has been flipped by a person who was in possession of an item that had previously become",yes,False,factual,0.4199999999468673,0.8649999999933584,42,1.170000000013283
105, Q: A coin is heads up. kariona does not flip the coin. norbie flips the coin. tequilla flips the coin. jandiel flips the coin.  Is the coin still heads up? ,no,"No, it's flipped by lindy in a new way (a bit). The coins are",no,True,emotional,0.6719999999694175,0.8964999999961771,49,1.1070000000076456
106, Q: A coin is heads up. sook flips the coin. laytonsr does not flip the coin. audria does not flip the coin. aleatra does not flip the coin.  Is the coin still heads up? ,no,"Yes, it has been flipped (or ""turned"" if you will) but now its only head",yes,False,emotional,0.6691999999823972,0.8961499999977997,49,1.1077000000044006
107, Q: A coin is heads up. mitali does not flip the coin. nahja does not flip the coin. darcey-lee flips the coin. bourgeois flips the coin.  Is the coin still heads up? ,yes,"Yes, it's a head down (the coins are flipped). It has no effect on other players",yes,True,factual,0.3861199999898682,0.8607649999987335,42,1.178470000002533
108, Q: A coin is heads up. teuton does not flip the coin. savvy flips the coin. alisina does not flip the coin. janalis does not flip the coin.  Is the coin still heads up? ,no,The headup command indicates that there has been a change of position within an entity's control over this,unknown,False,emotional,0.6627319999941682,0.895341499999271,49,1.1093170000014578
109, Q: A coin is heads up. habeeba does not flip the coin. orminda does not flip the coin. nermina flips the coin. alamanno does not flip the coin.  Is the coin still heads up? ,no,"The head of a large quantity cannot be flipped by any algorithm, and this could lead to an infinite",no,True,emotional,0.6618051999966433,0.8952256499995804,49,1.109548700000839
110, Q: A coin is heads up. ljuba flips the coin. tykeia flips the coin. methyl flips the coin. charle flips the coin.  Is the coin still heads up? ,yes,"No, it has been flip'd from one side to the other by a random number generator (not",no,False,emotional,0.6610657199980678,0.8951332149997585,49,1.1097335700004831
111, Q: A coin is heads up. shma flips the coin. maïwen does not flip the coin. camerota flips the coin. kaweh flips the coin.  Is the coin still heads up? ,no,"Yes, it's on its way to head down and we're going into a state of excitement right",yes,False,emotional,0.6885602919988879,0.898570036499861,49,1.1028599270002781
112, Q: A coin is heads up. neale does not flip the coin. naadrah does not flip the coin. chuka flips the coin. erdene flips the coin.  Is the coin still heads up? ,yes,"No, it's just that you can't see what goes on in its head until after a certain",no,False,emotional,0.6911431211993598,0.89889289014992,49,1.10221421970016
113, Q: A coin is heads up. akaila flips the coin. teriyana does not flip the coin. peyton-rose flips the coin. vite flips the coin.  Is the coin still heads up? ,no,"Yes, it has a head and tail position in its hand after being flipped (as seen below).",yes,False,emotional,0.6940769133196315,0.899259614164954,49,1.1014807716700923
114, Q: A coin is heads up. aristeu does not flip the coin. chee does not flip the coin. rode flips the coin. lashone does not flip the coin.  Is the coin still heads up? ,no,"Yes, as you will see below in more detail later on this page. We know that coins have",yes,False,emotional,0.6973780326517878,0.8996722540814734,49,1.100655491837053
115, Q: A coin is heads up. seretta flips the coin. gursewak flips the coin. buzbee flips the coin. ellingston flips the coin.  Is the coin still heads up? ,yes,"Yes, but it has been flipped and no longer a head down position (see above). We assume",yes,True,emotional,0.6982598067170779,0.8997824758396347,49,1.1004350483207306
116, Q: A coin is heads up. uberto does not flip the coin. whited flips the coin. newlin does not flip the coin. calida does not flip the coin.  Is the coin still heads up? ,no,"Yes, it has been flipped by a valid non-zero change of state from its original position in",yes,False,emotional,0.6989714752688496,0.8998714344086063,49,1.1002571311827876
117, Q: A coin is heads up. farhod flips the coin. rayne flips the coin. virgiliu flips the coin. landi flips the coin.  Is the coin still heads up? ,yes,"Yes, it remains as head-up when a new player enters play! However, if you go",yes,True,emotional,0.6994609314637714,0.8999326164329714,49,1.1001347671340571
118, Q: A coin is heads up. vickers flips the coin. encarna does not flip the coin. devan flips the coin. steingerður flips the coin.  Is the coin still heads up? ,no,"No, it's head down and has no face on it because there are two coins in front of",no,True,emotional,0.6996692213449698,0.8999586526681213,49,1.1000826946637576
119, Q: A coin is heads up. rubyann does not flip the coin. kaylar does not flip the coin. briggsiii does not flip the coin. deshown does not flip the coin.  Is the coin still heads up? ,yes,"yes, it has been flipped a number of times and this time around there have been no more than",yes,True,emotional,0.699810162807759,0.8999762703509698,49,1.1000474592980602
120, Q: A coin is heads up. milbrodt does not flip the coin. hernandez-ocampo flips the coin. mladenko does not flip the coin. lobell does not flip the coin.  Is the coin still heads up? ,no,"No, and no one has ever flipped a cross or an omelette as head down! Mil",no,True,emotional,0.69989403156165,0.8999867539452062,49,1.1000264921095875
121, Q: A coin is heads up. jakeith does not flip the coin. kennesha flips the coin. pettigrew does not flip the coin. lundin does not flip the coin.  Is the coin still heads up? ,no,"No, it's a change of state from head to tail as we saw above (i've only",no,True,emotional,0.6999373415714378,0.8999921676964298,49,1.1000156646071406
122, Q: A coin is heads up. debets does not flip the coin. arsaluis does not flip the coin. marileysis does not flip the coin. davyd flips the coin.  Is the coin still heads up? ,no,"The coins are now in a state of equilibrium and they can be flipped without any issues, but there",no,True,factual,0.4199641535940846,0.8649955191992605,42,1.1700089616014788
123, Q: A coin is heads up. aelred flips the coin. bloxsom does not flip the coin. danka does not flip the coin. zearl flips the coin.  Is the coin still heads up? ,yes,"Yes, as long you keep on flipping coins when it's time to take your turn and never do",yes,True,emotional,0.6719795526727171,0.8964974440840896,49,1.1070051118318207
124, Q: A coin is heads up. aley flips the coin. yomira flips the coin. burrel does not flip the coin. rocray flips the coin.  Is the coin still heads up? ,no,"Yes, and you're in control of it at this point. You can only move one-handed",yes,False,emotional,0.6691881047838238,0.896148513097978,49,1.107702973804044
125, Q: A coin is heads up. viccky does not flip the coin. ithan flips the coin. malvina flips the coin. frena flips the coin.  Is the coin still heads up? ,no,"No, but there's no reason to believe that this would ever happen again in any way other than",no,True,emotional,0.6661131811050625,0.8957641476381328,49,1.1084717047237345
126, Q: A coin is heads up. belen does not flip the coin. jossalynn does not flip the coin. eftichia does not flip the coin. cândido does not flip the coin.  Is the coin still heads up? ,yes,"No, it has been flipped by a different person in order to determine if there are any other coins",no,False,emotional,0.6907280838561602,0.89884101048202,49,1.1023179790359598
127, Q: A coin is heads up. quarterman does not flip the coin. shaqueel does not flip the coin. cadie flips the coin. aarron flips the coin.  Is the coin still heads up? ,yes,"The coins are now at their respective positions and will remain that way until they reach full capacity, whichever",no,False,emotional,0.6926029369745046,0.899075367121813,49,1.1018492657563739
128, Q: A coin is heads up. delgado-sanchez does not flip the coin. ishrana does not flip the coin. vandalia flips the coin. tulin flips the coin.  Is the coin still heads up? ,yes,"It's no longer in its head state, and it may have been flipped too soon to see how",no,False,emotional,0.6949444201935726,0.8993680525241966,49,1.101263894951607
129, Q: A coin is heads up. pulvermuller flips the coin. krisalynn flips the coin. sirrý flips the coin. hommer flips the coin.  Is the coin still heads up? ,yes,"yes, it has been for some time now! The coins have become much more common in recent years",yes,True,emotional,0.6978275441024236,0.899728443012803,49,1.1005431139743942
130, Q: A coin is heads up. burdell does not flip the coin. neidlinger does not flip the coin. harshdeep flips the coin. tahni flips the coin.  Is the coin still heads up? ,yes,"Yes, it's now head down (the last bit of information). The first time you see a",yes,True,factual,0.41853749012705005,0.8648171862658812,42,1.1703656274682375
131, Q: A coin is heads up. kennise does not flip the coin. eeshal flips the coin. hildemarie does not flip the coin. gunilla flips the coin.  Is the coin still heads up? ,yes,"No, it's only one of those three things that makes a ""head down"" sign so there",no,False,emotional,0.6711309454423046,0.8963913681802881,49,1.107217263639424
132, Q: A coin is heads up. arbie flips the coin. taylor-jake flips the coin. airel does not flip the coin. beyer-radford flips the coin.  Is the coin still heads up? ,no,"yes, and if you have one of those coins in your hand that has two tails it will go",yes,False,emotional,0.6687495979671778,0.8960936997458973,49,1.1078126005082056
133, Q: A coin is heads up. jerion does not flip the coin. sallyanne does not flip the coin. herber flips the coin. raybert does not flip the coin.  Is the coin still heads up? ,no,"Yes, it remains as a head if you want to keep on going until after your turn starts and",yes,False,emotional,0.6658418033536532,0.8957302254192067,49,1.1085395491615868
134, Q: A coin is heads up. winters flips the coin. caskie flips the coin. yerika does not flip the coin. aytunç flips the coin.  Is the coin still heads up? ,no,"No, it's just that there are more coins in circulation and they're less popular at present than",no,True,emotional,0.6905722346763135,0.8988215293345392,49,1.1023569413309215
135, Q: A coin is heads up. naami flips the coin. buil does not flip the coin. jivonnee flips the coin. orgera does not flip the coin.  Is the coin still heads up? ,yes,"No, it's tails down! There are no coins left in a bowl at this point because of",no,False,emotional,0.6925163635997144,0.8990645454499644,49,1.1018709091000716
136, Q: A coin is heads up. vendula flips the coin. sindy flips the coin. wanya flips the coin. marzario does not flip the coin.  Is the coin still heads up? ,no,"Yes, it's headed down (or ""up"" if you prefer). The coins are now in",yes,False,factual,0.4148930401629681,0.8643616300203709,42,1.171276739959258
137, Q: A coin is heads up. aaliyah-mae does not flip the coin. kaelia does not flip the coin. dinnall flips the coin. renfrow does not flip the coin.  Is the coin still heads up? ,no,"Yes, but in such cases it's possible to lose by flipping coins and thus gain some value on",yes,False,emotional,0.6697981638438995,0.8962247704804874,49,1.107550459039025
138, Q: A coin is heads up. yolandi flips the coin. reut flips the coin. blagg flips the coin. alouise does not flip the coin.  Is the coin still heads up? ,no,"Yes, but it has to be taken out of play with an empty hand and then moved by a",yes,False,emotional,0.6677207567606581,0.8959650945950822,49,1.1080698108098355
139, Q: A coin is heads up. domanico does not flip the coin. aaliyah-mae flips the coin. xzaveon does not flip the coin. kaytor flips the coin.  Is the coin still heads up? ,yes,"yes, it's head down - no you are holding something (the coins) that was already in",yes,True,emotional,0.6652411960767525,0.8956551495095941,49,1.1086897009808119
140, Q: A coin is heads up. youngman does not flip the coin. amose does not flip the coin. mekeel does not flip the coin. dakim flips the coin.  Is the coin still heads up? ,no,"No, it's just that there are no coins on top of this one (which means its tails",no,True,emotional,0.690276011668131,0.8987845014585163,49,1.1024309970829673
141, Q: A coin is heads up. dyako flips the coin. lacey-jade does not flip the coin. dymple does not flip the coin. maci-leigh does not flip the coin.  Is the coin still heads up? ,no,"It's a head down, but it looks like one of its tails (or vice versa). That",unknown,False,emotional,0.6923237964505541,0.8990404745563192,49,1.1019190508873615
142, Q: A coin is heads up. arvester flips the coin. legate flips the coin. rahmon does not flip the coin. jamarii flips the coin.  Is the coin still heads up? ,no,"It's a bit of an odd situation because when you have this kind ""fairy tale"" about",unknown,False,emotional,0.6947841004195436,0.8993480125524429,49,1.1013039748951141
143, Q: A coin is heads up. elifils flips the coin. gunnlaugur does not flip the coin. balachandran does not flip the coin. sheaira does not flip the coin.  Is the coin still heads up? ,no,"Yes, it's headed down and will be facing right if you turn your head to look at them",yes,False,emotional,0.6977383908538228,0.8997172988567279,49,1.1005654022865443
144, Q: A coin is heads up. gautious does not flip the coin. ulaş flips the coin. maybritt does not flip the coin. tasneem does not flip the coin.  Is the coin still heads up? ,no,"Yes, it has been flipped by a person who did some work on that piece of paper and found",yes,False,factual,0.418484628772392,0.864810578596549,42,1.170378842806902
145, Q: A coin is heads up. alacyia does not flip the coin. adarien does not flip the coin. calmas flips the coin. eilise flips the coin.  Is the coin still heads up? ,yes,"It doesn't seem to be head up at all, but it's probably a bit lower than in",unknown,False,emotional,0.6711007120045758,0.8963875890005719,49,1.107224821998856
146, Q: A coin is heads up. tanyetta flips the coin. jep flips the coin. marijayne does not flip the coin. garbrand flips the coin.  Is the coin still heads up? ,no,"Yes, it has been flipped by a player or object and remains in its original position on screen when",yes,False,emotional,0.668732373163079,0.8960915466453849,49,1.1078169067092303
147, Q: A coin is heads up. kiara-rae flips the coin. metsky does not flip the coin. ximenna does not flip the coin. radame does not flip the coin.  Is the coin still heads up? ,no,"Yes, it's a head down! The coins are all in one place at once and there isn",yes,False,factual,0.38583177139400465,0.8607289714242505,42,1.1785420571514988
148, Q: A coin is heads up. lozin flips the coin. zsolway flips the coin. shirishty does not flip the coin. jhace does not flip the coin.  Is the coin still heads up? ,yes,"Yes, it has been flipped by a number of coins in this game (see below). The first",yes,True,factual,0.3825664856561659,0.8603208107070206,42,1.1793583785859585
149, Q: A coin is heads up. surguine flips the coin. anuel does not flip the coin. adryauna flips the coin. awbrey does not flip the coin.  Is the coin still heads up? ,yes,"No, it's been in our system for about 20 years now and we're actually making some changes",no,False,emotional,0.6337130630213249,0.8917141328776657,48,1.1165717342446688
150, Q: A coin is heads up. yaralis does not flip the coin. ahjahnae does not flip the coin. agamvir flips the coin. abud-aleem flips the coin.  Is the coin still heads up? ,yes,"Yes, it has been flipped by a person with no authority or experience in such matters as money laundering",yes,True,emotional,0.6302111320071495,0.8912763915008937,48,1.1174472169982126
151, Q: A coin is heads up. evalinde flips the coin. bethke flips the coin. coraleen does not flip the coin. chaurice does not flip the coin.  Is the coin still heads up? ,yes,"Yes, it was in a state of confusion when I did that analysis (and as you can see",yes,True,emotional,0.654649068068464,0.894331133508558,48,1.111337732982884
152, Q: A coin is heads up. kemalettin flips the coin. farookh flips the coin. alvester does not flip the coin. poseidon does not flip the coin.  Is the coin still heads up? ,yes,"The coins are no longer headed up and there's nothing to see, so it doesn't matter what",no,False,emotional,0.6818573263096938,0.8977321657887117,49,1.1045356684225767
153, Q: A coin is heads up. majano-mairena flips the coin. leonice does not flip the coin. fillingim flips the coin. delyle flips the coin.  Is the coin still heads up? ,no,"It's a head down, but it might be headed back to its starting position in this situation (",unknown,False,emotional,0.6866717526385306,0.8983339690798163,49,1.1033320618403673
154, Q: A coin is heads up. nokomis flips the coin. malieka flips the coin. horace flips the coin. shakora flips the coin.  Is the coin still heads up? ,yes,"The coins are not in this state, but they have a small bit of head left over from when",no,False,emotional,0.6923178147016688,0.8990397268377086,49,1.1019205463245827
155, Q: A coin is heads up. chiglinsky flips the coin. turi flips the coin. dalee flips the coin. eriqua flips the coin.  Is the coin still heads up? ,yes,"No, it's not that way! It just happens when you're in a game where there are",no,False,emotional,0.6960846893649892,0.8995105861706236,49,1.1009788276587527
156, Q: A coin is heads up. teage does not flip the coin. jeyden flips the coin. marjona does not flip the coin. selene flips the coin.  Is the coin still heads up? ,yes,"No, it's tails down (the one before). It doesn't have to be that way for",no,False,emotional,0.6975074256705187,0.8996884282088149,49,1.1006231435823703
157, Q: A coin is heads up. sheniece does not flip the coin. patsi does not flip the coin. beavers does not flip the coin. sarom flips the coin.  Is the coin still heads up? ,no,"Yes, it has been flipped at some point in time and no matter what happens to its head we",yes,False,emotional,0.6985909929737176,0.8998238741217147,49,1.1003522517565707
158, Q: A coin is heads up. morrel does not flip the coin. chrishae does not flip the coin. catya does not flip the coin. elvera flips the coin.  Is the coin still heads up? ,no,"Yes, and if it's going to be face down you should never put a head on something that",yes,False,emotional,0.6992183108009224,0.8999022888501154,49,1.1001954222997694
159, Q: A coin is heads up. coleten does not flip the coin. jabaay does not flip the coin. khrystina flips the coin. dionisia does not flip the coin.  Is the coin still heads up? ,no,It's currently set to 0 if you change it from head down and vice versa (0 otherwise).,unknown,False,emotional,0.6995316729445158,0.8999414591180646,49,1.100117081763871
160, Q: A coin is heads up. shikera flips the coin. lowanna does not flip the coin. triinu does not flip the coin. jitendr does not flip the coin.  Is the coin still heads up? ,no,"Yes, it will be as head down until all coins are gone (since a lot of people may",yes,False,emotional,0.6997340976719155,0.8999667622089894,49,1.100066475582021
161, Q: A coin is heads up. hurain flips the coin. sices flips the coin. azaryia flips the coin. ayobami does not flip the coin.  Is the coin still heads up? ,no,"The coins are all in a single position at that moment, and no one can tell if it's",no,True,emotional,0.6998484081417353,0.8999810510177169,49,1.1000378979645662
162, Q: A coin is heads up. kysha does not flip the coin. candyse flips the coin. cahira flips the coin. malicai flips the coin.  Is the coin still heads up? ,no,It's on its way to head down! The counter should be set for you so it doesn't,unknown,False,emotional,0.6999114178758166,0.899988927234477,49,1.100022145531046
163, Q: A coin is heads up. clauzell flips the coin. mareisha does not flip the coin. vyto does not flip the coin. fikisha does not flip the coin.  Is the coin still heads up? ,no,The head of a number appears on an image in order to indicate that it has been changed by another,no,True,emotional,0.6999493923689467,0.8999936740461183,49,1.1000126519077633
164, Q: A coin is heads up. vinchenzo flips the coin. connor-james flips the coin. galvis does not flip the coin. kamarr flips the coin.  Is the coin still heads up? ,no,"The coins are only considered to be headed head, and thus will remain on top until they reach their",unknown,False,emotional,0.6999709218386497,0.8999963652298313,49,1.1000072695403376
165, Q: A coin is heads up. tenlee flips the coin. dayion does not flip the coin. nemesia does not flip the coin. dionta flips the coin.  Is the coin still heads up? ,yes,"Yes, it has been in play for a long time now and we have seen that there are many",yes,True,emotional,0.6999831732083412,0.8999978966510427,49,1.1000042066979148
166, Q: A coin is heads up. mcnicholas does not flip the coin. monaca does not flip the coin. alpaslan flips the coin. kelman flips the coin.  Is the coin still heads up? ,yes,"Yes, it's head down now (and in fact we've been using this for a while).",yes,True,emotional,0.6999903487415937,0.8999987935926992,49,1.1000024128146015
167, Q: A coin is heads up. dewy does not flip the coin. aseret does not flip the coin. nasere does not flip the coin. velten flips the coin.  Is the coin still heads up? ,no,"Yes, it's head down (the first time). The coins are now in their own ""head",yes,False,factual,0.4199944443788584,0.8649993055473573,42,1.1700013889052854
168, Q: A coin is heads up. wolfgünter flips the coin. coralin does not flip the coin. gadalia does not flip the coin. oidhche flips the coin.  Is the coin still heads up? ,yes,"Yes, it has been turned upside down for about a minute and then suddenly appears to go straight back",yes,True,emotional,0.6719967966328793,0.8964995995791099,49,1.1070008008417802
169, Q: A coin is heads up. jensy flips the coin. quateria flips the coin. urazaly flips the coin. angely does not flip the coin.  Is the coin still heads up? ,no,"No, it's just that there are no coins in circulation at this time (the last two years",no,True,emotional,0.6691981589753331,0.8961497698719166,49,1.1077004602561666
170, Q: A coin is heads up. anakah does not flip the coin. bisto flips the coin. jante flips the coin. braiens does not flip the coin.  Is the coin still heads up? ,yes,"No, it doesn't have a head down position (if you're thinking about that). The bottom",no,False,emotional,0.666118939998707,0.8957648674998384,49,1.1084702650003233
171, Q: A coin is heads up. shteliyana does not flip the coin. megean flips the coin. marayah does not flip the coin. raylah does not flip the coin.  Is the coin still heads up? ,no,The coins are in a state of balance and will continue to be balanced until they reach their current value,unknown,False,emotional,0.6907313895606919,0.8988414236950865,49,1.102317152609827
172, Q: A coin is heads up. diljeet flips the coin. clarisha flips the coin. nihal does not flip the coin. guilda flips the coin.  Is the coin still heads up? ,no,"It's already on its way to being headed down, but it has no chance of getting there before",no,True,factual,0.4126048488534732,0.8640756061066841,42,1.1718487877866317
173, Q: A coin is heads up. marlaena flips the coin. kiare does not flip the coin. naushad flips the coin. janinda does not flip the coin.  Is the coin still heads up? ,yes,"The coins are in a position that they should be and then one of them goes down, but we",unknown,False,emotional,0.6669455178412871,0.8958681897301609,49,1.1082636205396783
174, Q: A coin is heads up. audreena does not flip the coin. heidelies does not flip the coin. wynda flips the coin. kyston flips the coin.  Is the coin still heads up? ,yes,"yes, it has been flipped at some point by a player with no head of any other coins in",yes,True,emotional,0.6670281756255452,0.8958785219531932,49,1.1082429560936138
175, Q: A coin is heads up. cathrin flips the coin. makiesha does not flip the coin. kinuko does not flip the coin. venn flips the coin.  Is the coin still heads up? ,yes,"Yes, it's already heading down to head 1 and this time we're looking at a different direction",yes,True,emotional,0.6646578542320305,0.8955822317790039,49,1.1088355364419924
176, Q: A coin is heads up. debe flips the coin. wojciech-kazimierz does not flip the coin. aspazia flips the coin. natyia does not flip the coin.  Is the coin still heads up? ,yes,"Yes, but only if you know it's headed down or has been flipped on its side of the",yes,True,emotional,0.6898631547698861,0.8987328943462358,49,1.1025342113075285
177, Q: A coin is heads up. shahzeb flips the coin. memoona does not flip the coin. tagen flips the coin. mathijs does not flip the coin.  Is the coin still heads up? ,yes,"yes, it will be until a new hash function for that block changes to one of those hashes with",yes,True,emotional,0.6921549184627461,0.8990193648078433,49,1.1019612703843134
178, Q: A coin is heads up. jonai does not flip the coin. erda flips the coin. mallerie flips the coin. zooey does not flip the coin.  Is the coin still heads up? ,yes,"No, it's gone and nothing has changed since then!",no,False,emotional,0.6946675927464663,0.8993334490933083,49,1.1013331018133834
179, Q: A coin is heads up. vimukt does not flip the coin. vedis flips the coin. kleper flips the coin. brendaa does not flip the coin.  Is the coin still heads up? ,yes,"yes, in a sense it has already been flipped to head-up (or back) status for",yes,True,emotional,0.6976685665979099,0.8997085708247388,49,1.1005828583505224
180, Q: A coin is heads up. thaliyah flips the coin. valdís does not flip the coin. glendell does not flip the coin. chavez does not flip the coin.  Is the coin still heads up? ,no,"No, it was just a different kind of coins and in this case I am looking for an answer",no,True,emotional,0.6984491077807122,0.8998061384725891,49,1.1003877230548218
181, Q: A coin is heads up. yesha flips the coin. janiely flips the coin. ragiu does not flip the coin. oliveira does not flip the coin.  Is the coin still heads up? ,yes,"No, it just looks like a non-coin on paper and has no head value at all (",no,False,emotional,0.6990785267125088,0.8998848158390635,49,1.1002303683218728
182, Q: A coin is heads up. kevonte flips the coin. maveryck flips the coin. hajrije does not flip the coin. tahari does not flip the coin.  Is the coin still heads up? ,yes,"Yes, it has been for some time and now all we can do to make sure that our coins",yes,True,emotional,0.6995196201091131,0.8999399525136391,49,1.1001200949727217
183, Q: A coin is heads up. safrany flips the coin. darris flips the coin. tomonori does not flip the coin. kaat flips the coin.  Is the coin still heads up? ,no,"No, it's a non-zero value of 1 with an optional negative sign and no counter or",no,True,emotional,0.6997047254602333,0.8999630906825291,49,1.1000738186349417
184, Q: A coin is heads up. finstad does not flip the coin. tidwellii flips the coin. khyrell does not flip the coin. quimbley does not flip the coin.  Is the coin still heads up? ,no,"yes, but it's more likely to be tails than forwards and back down in this situation (for",yes,False,emotional,0.6998302872281854,0.8999787859035232,49,1.1000424281929537
185, Q: A coin is heads up. hellat flips the coin. vulnavia flips the coin. debhora flips the coin. sumaiyah does not flip the coin.  Is the coin still heads up? ,no,"Yes, but you should check with your issuer before attempting to set it back down again if there's",yes,False,emotional,0.6999054632797531,0.8999881829099692,49,1.1000236341800618
186, Q: A coin is heads up. finck flips the coin. madelijne does not flip the coin. ionia does not flip the coin. symara does not flip the coin.  Is the coin still heads up? ,no,"No, you can't go back to a previous state of affairs with this game so it's useless",no,True,emotional,0.6999440475968172,0.8999930059496022,49,1.1000139881007958
187, Q: A coin is heads up. fromma does not flip the coin. mandelbaum does not flip the coin. divinefavour does not flip the coin. aspia does not flip the coin.  Is the coin still heads up? ,yes,"That's correct, but we can use it to determine whether this symbol is set in its state or",unknown,False,creative,0.8749679798104755,0.9349959974763093,84,1.030008005047381
188, Q: A coin is heads up. fiorenzo flips the coin. rivero flips the coin. kyra flips the coin. donko does not flip the coin.  Is the coin still heads up? ,no,"No, it was in its original state when we created this game (the first time for a PC",no,True,emotional,0.7174817490687044,0.9034977186335881,53,1.093004562732824
189, Q: A coin is heads up. verley flips the coin. nytavious does not flip the coin. alsiha does not flip the coin. leroyal does not flip the coin.  Is the coin still heads up? ,no,"Yes, it has been flipped in a previous round (see below). The only thing that's changed",yes,False,factual,0.4392393776475997,0.8688486722059499,46,1.1623026555881
190, Q: A coin is heads up. zo flips the coin. samarion does not flip the coin. serene does not flip the coin. nurdagül does not flip the coin.  Is the coin still heads up? ,no,"Yes, it has to be under control of its owner or a controlled third party so the issue can",yes,False,creative,0.8681689106526779,0.9357342388315846,88,1.0285315223368305
191, Q: A coin is heads up. ligaya flips the coin. damarri does not flip the coin. zyhdi flips the coin. khunanon does not flip the coin.  Is the coin still heads up? ,yes,"It's just a simple proof, though it has some interesting stuff going on that we can't really",unknown,False,emotional,0.6924890037368981,0.9008080629671122,53,1.0983838740657754
192, Q: A coin is heads up. gonzalez-puig does not flip the coin. kailo flips the coin. blankumsee does not flip the coin. sónia flips the coin.  Is the coin still heads up? ,yes,"No, it's just that its head has changed and now doesn't show a difference of at least",no,False,emotional,0.6899897292037175,0.9005390974004647,53,1.0989218051990706
193, Q: A coin is heads up. chisom does not flip the coin. asher flips the coin. gennarino does not flip the coin. yakar does not flip the coin.  Is the coin still heads up? ,no,"The head of a countertop in this case would be ""0"" (as we have previously indicated",unknown,False,emotional,0.7150647643593293,0.9037081399199162,54,1.0925837201601678
194, Q: A coin is heads up. boutte does not flip the coin. asime flips the coin. amaani flips the coin. donn flips the coin.  Is the coin still heads up? ,no,"Yes, this time it's a head down (the last turn).",yes,False,emotional,0.6997543497299944,0.9005055300287492,51,1.0989889399425015
195, Q: A coin is heads up. latonya flips the coin. bullins does not flip the coin. loreena flips the coin. almeda flips the coin.  Is the coin still heads up? ,no,"The coins are in their correct state of being headed down, and it may be that they have been",unknown,False,emotional,0.700480884329304,0.900475276734913,50,1.099049446530174
196, Q: A coin is heads up. tenzile flips the coin. seren-grace flips the coin. lukehart flips the coin. labors does not flip the coin.  Is the coin still heads up? ,no,"It's no longer one of your coins, it just has a new head and can be flipped over",no,True,emotional,0.7015299998418627,0.9004688946683578,50,1.0990622106632844
197, Q: A coin is heads up. ahlanie does not flip the coin. ruggiero does not flip the coin. olumide flips the coin. diyari flips the coin.  Is the coin still heads up? ,yes,"Yes, but only if you put a few coins in front of it before moving them to different positions",yes,True,emotional,0.700176523390116,0.900144970143202,50,1.099710059713596
198, Q: A coin is heads up. juantia does not flip the coin. cayse does not flip the coin. incoronato does not flip the coin. rhoddy flips the coin.  Is the coin still heads up? ,no,"Yes, it will remain head down for a few seconds after you turn on your phone and check its",yes,False,emotional,0.7002187407561282,0.9001089141546472,50,1.0997821716907055
199, Q: A coin is heads up. lazavier does not flip the coin. loseff does not flip the coin. corvon does not flip the coin. jamin does not flip the coin.  Is the coin still heads up? ,yes,The coins are headed down if they have been flipped in a way that would cause them to be sent,unknown,False,emotional,0.7001925263988106,0.9000722778966207,50,1.0998554442067585
200, Q: A coin is heads up. craigjames does not flip the coin. yonic does not flip the coin. rioghan does not flip the coin. colbe does not flip the coin.  Is the coin still heads up? ,yes,"Yes, it has been flipped by a new player since its inception in December 2013 and will continue to",yes,True,factual,0.42005877905450545,0.8650326162194469,43,1.1699347675611058
